query_id,sector_slug,sector_label,axis_target,axis_group,axis_code,query_family,provider,query_text,raw_record_count,normalized_record_count,unique_source_ids,coverage_record_count,has_raw_payload_envelope,raw_payload_sha256,raw_payload_captured_at,protocol_binding
Q_BLUE_BIOTECH_COMP_001,blue_biotech,Blue Biotech,M,MARINE,M,competence_demand,crossref,marine biotechnology workforce skills competences training,50,23,23,23,true,032f4a6fe8fa773585f9be1e9b3ab86e99e26302cee31028a4d8b7da8474b5ae,2026-07-24T11:52:23+00:00,bound
Q_BLUE_BIOTECH_COMP_001,blue_biotech,Blue Biotech,M,MARINE,M,competence_demand,scopus,marine biotechnology workforce skills competences training,0,0,0,0,true,db65f5969ae13ce2975f03c1bf8be1d1e0178d6361de3bc02b1d18e163fa5cb6,2026-07-24T11:52:23+00:00,bound
Q_BLUE_BIOTECH_COMP_002,blue_biotech,Blue Biotech,M,MARINE,M,competence_demand,crossref,blue bioeconomy education learning outcomes curriculum qualification,50,27,27,27,true,8820f2f36ab2f488647de8dcf3c80b6a0f74c181300f97e6b0104a5df3b03b7d,2026-07-24T11:52:23+00:00,bound
Q_BLUE_BIOTECH_COMP_002,blue_biotech,Blue Biotech,M,MARINE,M,competence_demand,scopus,blue bioeconomy education learning outcomes curriculum qualification,0,0,0,0,true,cb5616af31ee5514f558f69e25bbf5b6757a73600a0bdab81b8b2acda4a3b6ef,2026-07-24T11:52:23+00:00,bound
Q_BLUE_BIOTECH_CORE_001,blue_biotech,Blue Biotech,M,MARINE,M,core_sector,crossref,marine biotechnology blue bioeconomy innovation governance,50,45,45,45,true,07905100d4eaa5512353705f67e95a869a62c476dd97986af11f635633b2e866,2026-07-24T11:52:23+00:00,bound
Q_BLUE_BIOTECH_CORE_001,blue_biotech,Blue Biotech,M,MARINE,M,core_sector,scopus,marine biotechnology blue bioeconomy innovation governance,0,0,0,0,true,5954d2a8f5b69a69840269488266a563ce18c633b87b1b40ec3e6a4b7804d763,2026-07-24T11:52:23+00:00,bound
Q_BLUE_BIOTECH_CORE_002,blue_biotech,Blue Biotech,M,MARINE,M,core_sector,crossref,bioprospecting marine genetic resources benefit sharing,50,18,18,18,true,934869fcde190464e0a8761084c6903236c925fe8582af1cacd64ad5afb80f71,2026-07-24T11:52:23+00:00,bound
Q_BLUE_BIOTECH_CORE_002,blue_biotech,Blue Biotech,M,MARINE,M,core_sector,scopus,bioprospecting marine genetic resources benefit sharing,25,14,14,14,true,8b39244a20874ce83fd91b5857a92957421eba8136937250a5d867c593278978,2026-07-24T11:52:23+00:00,bound
Q_BLUE_BIOTECH_CORE_003,blue_biotech,Blue Biotech,M,MARINE,M,core_sector,crossref,marine biomaterials pharmaceuticals bioremediation sustainability,50,39,39,39,true,e63891a93d273714f141611d5253d1bb802b8e48b17212de728d467e2d8a1c28,2026-07-24T11:52:23+00:00,bound
Q_BLUE_BIOTECH_CORE_003,blue_biotech,Blue Biotech,M,MARINE,M,core_sector,scopus,marine biomaterials pharmaceuticals bioremediation sustainability,2,2,2,2,true,80112f608f73e9d4f79bc35622363e91d5ded8d04c9297ff04fc86b5f3213603,2026-07-24T11:52:23+00:00,bound
Q_BLUE_BIOTECH_EMRG_001,blue_biotech,Blue Biotech,M,MARINE,M,emerging_demand,crossref,marine biotechnology AI digital twin sustainability just transition,50,45,45,45,true,25cd5430f8d9a0ff85d60884f10f31a8916e8e3805da72f5f453ac86a38d67c2,2026-07-24T11:52:23+00:00,bound
Q_BLUE_BIOTECH_EMRG_001,blue_biotech,Blue Biotech,M,MARINE,M,emerging_demand,scopus,marine biotechnology AI digital twin sustainability just transition,0,0,0,0,true,ca231c6b283d2adc5484a5912d8ed36b26cc88611fdd3bc05b2801c6a92d3a0d,2026-07-24T11:52:23+00:00,bound
Q_BLUE_BIOTECH_EMRG_002,blue_biotech,Blue Biotech,O,OCEANIC,O,emerging_demand,crossref,marine genetic resources ocean literacy governance climate adaptation,50,17,17,17,true,e9906b84f1624a08d5607da8ea312260d6aeaef4bc57fa4206072c722f34c6a9,2026-07-24T11:52:23+00:00,bound
Q_BLUE_BIOTECH_EMRG_002,blue_biotech,Blue Biotech,O,OCEANIC,O,emerging_demand,scopus,marine genetic resources ocean literacy governance climate adaptation,0,0,0,0,true,1f0b38c2c7fd27f6e1c0f1670fd5c80b9d90c68a800b7febdaff2bbcdbb24d91,2026-07-24T11:52:23+00:00,bound
Q_BLUE_BIOTECH_HYP_001,blue_biotech,Blue Biotech,M,MARINE,M,hypothesis_verification,crossref,blue biotech maritimisation marinization oceanisation hydrosocial de-base-re hypothesis verification indicators,50,23,23,23,true,14a40cc9e70ad5408b508e33b0935f9f5461c27c83509d51f8b2d03440037e83,2026-07-24T11:52:23+00:00,bound
Q_BLUE_BIOTECH_HYP_001,blue_biotech,Blue Biotech,M,MARINE,M,hypothesis_verification,scopus,blue biotech maritimisation marinization oceanisation hydrosocial de-base-re hypothesis verification indicators,0,0,0,0,true,94324ab325d5ba4589021a6726815dc67ff6cd6e450c3aa6d2a483a6c8ebb3d1,2026-07-24T11:52:23+00:00,bound
Q_BLUE_BIOTECH_THY_001,blue_biotech,Blue Biotech,O,OCEANIC,O,theory_translation,crossref,blue biotech qmbd axis translation marine maritime oceanic hydronization theory terms taxonomy mapping,50,39,39,39,true,023444c0dead335c115690f2ece69401f322b919ee3ca8dc3bf4d9ec11394dc5,2026-07-24T11:52:23+00:00,bound
Q_BLUE_BIOTECH_THY_001,blue_biotech,Blue Biotech,O,OCEANIC,O,theory_translation,scopus,blue biotech qmbd axis translation marine maritime oceanic hydronization theory terms taxonomy mapping,0,0,0,0,true,6841a3e8390efbc68abff9ebb1de79328d3aafce010d27901dff40058dea2903,2026-07-24T11:52:23+00:00,bound
Q_BLUE_BIOTECH_VAL_001,blue_biotech,Blue Biotech,M,MARINE,M,validation_eqf_translation,crossref,marine biotechnology EQF qualification framework micro-credential professional development,50,35,35,35,true,6f086c4916beb75c96af33b43ff52e14cacc296b2c25c7baac1f1e0104a336a7,2026-07-24T11:52:23+00:00,bound
Q_BLUE_BIOTECH_VAL_001,blue_biotech,Blue Biotech,M,MARINE,M,validation_eqf_translation,scopus,marine biotechnology EQF qualification framework micro-credential professional development,0,0,0,0,true,b89540baf58d773fb77b13695bed15eaa6d7ade0b3b3ae24defd1ece1304ed04,2026-07-24T11:52:23+00:00,bound
Q_COASTAL_TOURISM_COMP_001,coastal_tourism,Coastal Tourism,O,OCEANIC,O,competence_demand,crossref,coastal tourism workforce skills competences training professional development,50,34,34,34,true,8f9de58b11f8772dabc4fde8105caec4a560460a51c0980f41288bda15cd807f,2026-07-24T11:52:23+00:00,bound
Q_COASTAL_TOURISM_COMP_001,coastal_tourism,Coastal Tourism,O,OCEANIC,O,competence_demand,scopus,coastal tourism workforce skills competences training professional development,0,0,0,0,true,0f2b613f693c63d2c849f3788ebd69e25abc47ed1cc01d1a0400a4d8513e1388,2026-07-24T11:52:23+00:00,bound
Q_COASTAL_TOURISM_COMP_002,coastal_tourism,Coastal Tourism,O,OCEANIC,O,competence_demand,crossref,marine ecotourism education learning outcomes curriculum qualification,50,15,15,15,true,ba491d3cbaf67af227dc5c993ee181accb23b88d771c0102035e413b426ebd74,2026-07-24T11:52:23+00:00,bound
Q_COASTAL_TOURISM_COMP_002,coastal_tourism,Coastal Tourism,O,OCEANIC,O,competence_demand,scopus,marine ecotourism education learning outcomes curriculum qualification,0,0,0,0,true,65d8f3d04c83817e32f8ab4535d62729394a7eeb7b19d2a4c5031bbcc6c69c3f,2026-07-24T11:52:23+00:00,bound
Q_COASTAL_TOURISM_CORE_001,coastal_tourism,Coastal Tourism,O,OCEANIC,O,core_sector,crossref,coastal tourism sustainability overtourism management,50,49,49,49,true,ddeec00f30c1d74b169ef8741cd5115dc011efc46251a44e8927c08e5bea1a85,2026-07-24T11:52:23+00:00,bound
Q_COASTAL_TOURISM_CORE_001,coastal_tourism,Coastal Tourism,O,OCEANIC,O,core_sector,scopus,coastal tourism sustainability overtourism management,8,8,8,8,true,e0bc62f7ea016a82ae17ff8e83900326bf5a7d9ac2ba6f5421262b4ab2bf261d,2026-07-24T11:52:23+00:00,bound
Q_COASTAL_TOURISM_CORE_002,coastal_tourism,Coastal Tourism,O,OCEANIC,O,core_sector,crossref,marine ecotourism blue economy livelihoods governance,50,34,34,34,true,41a7e016c9d3fad8ed7fe146b0bf496f1f4a58738d977bb31604886733beeade,2026-07-24T11:52:23+00:00,bound
Q_COASTAL_TOURISM_CORE_002,coastal_tourism,Coastal Tourism,O,OCEANIC,O,core_sector,scopus,marine ecotourism blue economy livelihoods governance,1,1,1,1,true,974b0028ffadc8a32ea1125f1b2330993463fc6ba360568eeed473ecf22782c5,2026-07-24T11:52:23+00:00,bound
Q_COASTAL_TOURISM_CORE_003,coastal_tourism,Coastal Tourism,O,OCEANIC,O,core_sector,crossref,cruise tourism environmental impact governance,50,21,21,21,true,757a45a4ed2b7fcda4f2b35582471d6266b873843c5bd2225dde4950839080ca,2026-07-24T11:52:23+00:00,bound
Q_COASTAL_TOURISM_CORE_003,coastal_tourism,Coastal Tourism,O,OCEANIC,O,core_sector,scopus,cruise tourism environmental impact governance,19,12,12,12,true,9a903af1ed582564563abf7b436dd8dfd8c83dcab235a0527b6f3ad6fca638be,2026-07-24T11:52:23+00:00,bound
Q_COASTAL_TOURISM_EMRG_001,coastal_tourism,Coastal Tourism,O,OCEANIC,O,emerging_demand,crossref,coastal tourism climate adaptation resilience just transition safety,50,24,24,24,true,ff8d0a07fbe01ee7e9ee7d4eca5506ee40bc683988d2b136fc491c7aa60749bb,2026-07-24T11:52:23+00:00,bound
Q_COASTAL_TOURISM_EMRG_001,coastal_tourism,Coastal Tourism,O,OCEANIC,O,emerging_demand,scopus,coastal tourism climate adaptation resilience just transition safety,0,0,0,0,true,e51db1084a7e4849272af2e6b7a264e2786b0282405d850ec544f3c9cba394c3,2026-07-24T11:52:23+00:00,bound
Q_COASTAL_TOURISM_EMRG_002,coastal_tourism,Coastal Tourism,O,OCEANIC,O,emerging_demand,crossref,coastal tourism AI digital twin ocean literacy hydrosocial,50,29,29,29,true,fcfce02f70fc1e3515c0c0e2946d4578ed2de5a176091b8751b90ac560a6dd58,2026-07-24T11:52:23+00:00,bound
Q_COASTAL_TOURISM_EMRG_002,coastal_tourism,Coastal Tourism,O,OCEANIC,O,emerging_demand,scopus,coastal tourism AI digital twin ocean literacy hydrosocial,0,0,0,0,true,14124154d7d0801a74bdfce08f58e2462732dbaf5836d8804f6784924aa9f7c3,2026-07-24T11:52:23+00:00,bound
Q_COASTAL_TOURISM_HYP_001,coastal_tourism,Coastal Tourism,O,OCEANIC,O,hypothesis_verification,crossref,coastal tourism maritimisation marinization oceanisation hydrosocial de-base-re hypothesis verification indicators,50,21,21,21,true,cb052e68aa369ddd8fcaf5769ca9108497f8cff32283d902a72706a4ea9e1e4a,2026-07-24T11:52:23+00:00,bound
Q_COASTAL_TOURISM_HYP_001,coastal_tourism,Coastal Tourism,O,OCEANIC,O,hypothesis_verification,scopus,coastal tourism maritimisation marinization oceanisation hydrosocial de-base-re hypothesis verification indicators,0,0,0,0,true,7e6adced1f6901093d8ad7d4fb270769869d3863e9b0e114352aed16816f1caa,2026-07-24T11:52:23+00:00,bound
Q_COASTAL_TOURISM_THY_001,coastal_tourism,Coastal Tourism,O,OCEANIC,O,theory_translation,crossref,coastal tourism qmbd axis translation marine maritime oceanic hydronization theory terms taxonomy mapping,50,24,24,24,true,3170a7eafe796098ae25df158b38d3b7036d1abc0e2f728b87011e6e7a8e5771,2026-07-24T11:52:23+00:00,bound
Q_COASTAL_TOURISM_THY_001,coastal_tourism,Coastal Tourism,O,OCEANIC,O,theory_translation,scopus,coastal tourism qmbd axis translation marine maritime oceanic hydronization theory terms taxonomy mapping,0,0,0,0,true,560e24136e6ebd3cd68c8a32e12951986d74b2cff8560f8c274dbb37e1d9b370,2026-07-24T11:52:23+00:00,bound
Q_COASTAL_TOURISM_VAL_001,coastal_tourism,Coastal Tourism,O,OCEANIC,O,validation_eqf_translation,crossref,coastal tourism EQF qualification framework micro-credential learning outcomes,50,41,41,41,true,24f992f9fbd8ad0dd288c70096611e688f2700b06c8fe5b1bb9402fc466a8113,2026-07-24T11:52:23+00:00,bound
Q_COASTAL_TOURISM_VAL_001,coastal_tourism,Coastal Tourism,O,OCEANIC,O,validation_eqf_translation,scopus,coastal tourism EQF qualification framework micro-credential learning outcomes,0,0,0,0,true,bc6a41f387708eca5ee6e0fe28a39e3041bfe5ed83b1759224d803a202d63e27,2026-07-24T11:52:23+00:00,bound
Q_DESALINATION_COMP_001,desalination,Desalination,H,HYDRONIZATION,H,competence_demand,crossref,desalination workforce skills competences training professional development,50,35,35,35,true,7dd0fa1839f1651057f960cf64c8ccb4f5a60feb325ef7d827b9cc620fef82ee,2026-07-24T11:52:23+00:00,bound
Q_DESALINATION_COMP_001,desalination,Desalination,H,HYDRONIZATION,H,competence_demand,scopus,desalination workforce skills competences training professional development,0,0,0,0,true,2264d574e8d6f32fdb90ea5a87a3119027d22a995be544c8a05083d29673f8cd,2026-07-24T11:52:23+00:00,bound
Q_DESALINATION_COMP_002,desalination,Desalination,H,HYDRONIZATION,H,competence_demand,crossref,desalination operator education learning outcomes curriculum qualification,50,24,24,24,true,7ba6e06551a1b7791b5ce383c54d516421729355ac8dcc30dfe3f081a7368301,2026-07-24T11:52:23+00:00,bound
Q_DESALINATION_COMP_002,desalination,Desalination,H,HYDRONIZATION,H,competence_demand,scopus,desalination operator education learning outcomes curriculum qualification,0,0,0,0,true,137f206dee036d8e0d8fa19ecf5083f8efbcdcc919b7b2335c96e8725aba4172,2026-07-24T11:52:23+00:00,bound
Q_DESALINATION_CORE_001,desalination,Desalination,H,HYDRONIZATION,H,core_sector,crossref,desalination brine management environmental impact governance,50,23,23,23,true,4673d7aa5ce3d1f6cbf2325b50d2927ed4f8c7c7f01ae2f34c1841e9a1fb855b,2026-07-24T11:52:23+00:00,bound
Q_DESALINATION_CORE_001,desalination,Desalination,H,HYDRONIZATION,H,core_sector,scopus,desalination brine management environmental impact governance,4,4,4,4,true,a0a9dec636f46f28c9d5b933a90c4cfde90d45efaf1087f5e065c483dfdd7b7b,2026-07-24T11:52:23+00:00,bound
Q_DESALINATION_CORE_002,desalination,Desalination,H,HYDRONIZATION,H,core_sector,crossref,desalination water energy nexus sustainability,50,30,30,30,true,21429e7ed213d04a8b1577ce8fca7f4a36dc841e258d0a271a477fedc78174df,2026-07-24T11:52:23+00:00,bound
Q_DESALINATION_CORE_002,desalination,Desalination,H,HYDRONIZATION,H,core_sector,scopus,desalination water energy nexus sustainability,25,25,25,25,true,6826e668bad211ee5e8cf96cba98f8e9c39ebfeac83f6cdd50fa5382e633dd5d,2026-07-24T11:52:23+00:00,bound
Q_DESALINATION_CORE_003,desalination,Desalination,H,HYDRONIZATION,H,core_sector,crossref,desalination hydrosocial water justice governance,50,31,31,31,true,ed29c39986a4699fbd780ea4d5715deb1b7dd9b575110b2dfb46da7718ea4bf8,2026-07-24T11:52:23+00:00,bound
Q_DESALINATION_CORE_003,desalination,Desalination,H,HYDRONIZATION,H,core_sector,scopus,desalination hydrosocial water justice governance,0,0,0,0,true,a74a074bfbaadbd8e4930a56e5410fab07a71422ae35d25740801ccab61f3cb2,2026-07-24T11:52:23+00:00,bound
Q_DESALINATION_EMRG_001,desalination,Desalination,H,HYDRONIZATION,H,emerging_demand,crossref,desalination AI digital twin autonomous systems resilience,50,46,46,46,true,c6e62f523f0732c45c25abaa03ce4c9d12179775f9848115f8cfb3674f6da18d,2026-07-24T11:52:23+00:00,bound
Q_DESALINATION_EMRG_001,desalination,Desalination,H,HYDRONIZATION,H,emerging_demand,scopus,desalination AI digital twin autonomous systems resilience,0,0,0,0,true,17e377ffe694695b924f8822f685150a3666e9de06f96bd59db3abbdf45f5cc7,2026-07-24T11:52:23+00:00,bound
Q_DESALINATION_EMRG_002,desalination,Desalination,H,HYDRONIZATION,H,emerging_demand,crossref,desalination climate adaptation just transition hydrosocial safety,50,25,25,25,true,b8bb3d651745f6506ba557891f657b3d9216a5c7c8b1b91da9cc08b227e9672a,2026-07-24T11:52:23+00:00,bound
Q_DESALINATION_EMRG_002,desalination,Desalination,H,HYDRONIZATION,H,emerging_demand,scopus,desalination climate adaptation just transition hydrosocial safety,0,0,0,0,true,37d681ef900d571fa4a261bf376d4c5bf113299372dc5f256d7d3af2c7f343a1,2026-07-24T11:52:23+00:00,bound
Q_DESALINATION_HYP_001,desalination,Desalination,H,HYDRONIZATION,H,hypothesis_verification,crossref,desalination maritimisation marinization oceanisation hydrosocial de-base-re hypothesis verification indicators,50,15,15,15,true,94ce0dabf5aaa5a9b7803552ca1802396985ceabd5b04ca2a027ba5e02d7d79e,2026-07-24T11:52:23+00:00,bound
Q_DESALINATION_HYP_001,desalination,Desalination,H,HYDRONIZATION,H,hypothesis_verification,scopus,desalination maritimisation marinization oceanisation hydrosocial de-base-re hypothesis verification indicators,0,0,0,0,true,a012408f99d10ba5dbce35e85bf6d9ab3ebdaf07e7833c6fdab1380b04912522,2026-07-24T11:52:23+00:00,bound
Q_DESALINATION_THY_001,desalination,Desalination,O,OCEANIC,O,theory_translation,crossref,desalination qmbd axis translation marine maritime oceanic hydronization theory terms taxonomy mapping,50,33,33,33,true,4fa474248114e455c7814995432dd988b959da0341db7b2df70c7a3e41f0ad44,2026-07-24T11:52:23+00:00,bound
Q_DESALINATION_THY_001,desalination,Desalination,O,OCEANIC,O,theory_translation,scopus,desalination qmbd axis translation marine maritime oceanic hydronization theory terms taxonomy mapping,0,0,0,0,true,ab9beede60f8a482d6123388c64d44e8fde18e6388e5cd0fac56af3e9716437d,2026-07-24T11:52:23+00:00,bound
Q_DESALINATION_VAL_001,desalination,Desalination,H,HYDRONIZATION,H,validation_eqf_translation,crossref,desalination EQF qualification framework micro-credential learning outcomes,50,42,42,42,true,ba548b3c17eb20ce3a0719565acbe952731e49fd0572c038980c7156b6d0d8a6,2026-07-24T11:52:23+00:00,bound
Q_DESALINATION_VAL_001,desalination,Desalination,H,HYDRONIZATION,H,validation_eqf_translation,scopus,desalination EQF qualification framework micro-credential learning outcomes,0,0,0,0,true,43ec3fe77fff13010b9e22e33c92a2cf7bc8912cbec1d63eac49f5f49763aac9,2026-07-24T11:52:23+00:00,bound
Q_INFRA_ROBOTICS_COMP_001,infra_robotics,Infra & Robotics,T,MARITIME,T,competence_demand,crossref,offshore robotics workforce skills competences training professional development,50,34,34,34,true,b6eb1baa8b675fcc58a65b3715734b7ff8ba2d7090ff10551310e0be12f8571f,2026-07-24T11:52:23+00:00,bound
Q_INFRA_ROBOTICS_COMP_001,infra_robotics,Infra & Robotics,T,MARITIME,T,competence_demand,scopus,offshore robotics workforce skills competences training professional development,0,0,0,0,true,0bf7faeb5d762303964d50f267f9e06201bc5254b69b1b462cfb8b6795abf9b3,2026-07-24T11:52:23+00:00,bound
Q_INFRA_ROBOTICS_COMP_002,infra_robotics,Infra & Robotics,T,MARITIME,T,competence_demand,crossref,maritime robotics engineer education learning outcomes curriculum qualification,50,28,28,28,true,0b244604d5dfcc6d907dc61a6175c7859164457478d9ac7a139cd6c50a16d14b,2026-07-24T11:52:23+00:00,bound
Q_INFRA_ROBOTICS_COMP_002,infra_robotics,Infra & Robotics,T,MARITIME,T,competence_demand,scopus,maritime robotics engineer education learning outcomes curriculum qualification,0,0,0,0,true,ec9114b61bcbed52669b246e87c896f739fd002e5c8b695dc3a1827d65092ebb,2026-07-24T11:52:23+00:00,bound
Q_INFRA_ROBOTICS_CORE_001,infra_robotics,Infra & Robotics,T,MARITIME,T,core_sector,crossref,maritime infrastructure cyber physical systems digital twin,50,45,45,45,true,15cb1adb7cd2ea0c9ff3360bf911494ee85a5aeccc4b0aeb784a29766710866c,2026-07-24T11:52:23+00:00,bound
Q_INFRA_ROBOTICS_CORE_001,infra_robotics,Infra & Robotics,T,MARITIME,T,core_sector,scopus,maritime infrastructure cyber physical systems digital twin,10,10,10,10,true,ad4dff783e3a33a8b10e09e823a183ac4ed2a9fe576467fe75785f13a6e0122f,2026-07-24T11:52:23+00:00,bound
Q_INFRA_ROBOTICS_CORE_002,infra_robotics,Infra & Robotics,T,MARITIME,T,core_sector,crossref,offshore robotics marine monitoring autonomous systems,50,21,21,21,true,6f6a81238d786a7c483024ed106088afaff20d05ccd99278d6b8afb81766d439,2026-07-24T11:52:23+00:00,bound
Q_INFRA_ROBOTICS_CORE_002,infra_robotics,Infra & Robotics,T,MARITIME,T,core_sector,scopus,offshore robotics marine monitoring autonomous systems,25,21,21,21,true,7d7e63aa68f70047e765ea3024069b1470827ccf86f41b9ad9ab0f131dd94827,2026-07-24T11:52:23+00:00,bound
Q_INFRA_ROBOTICS_CORE_003,infra_robotics,Infra & Robotics,T,MARITIME,T,core_sector,crossref,smart coastal infrastructure flood risk adaptation,50,40,40,40,true,f3dac79904cce183e998864705ff5486f27b0f3cec546228c7ce658178dfad91,2026-07-24T11:52:23+00:00,bound
Q_INFRA_ROBOTICS_CORE_003,infra_robotics,Infra & Robotics,T,MARITIME,T,core_sector,scopus,smart coastal infrastructure flood risk adaptation,4,4,4,4,true,1fe332818295f186e8e41d1bb6256a32c66d36bd3c5121a8917b0b52b7f3f6c5,2026-07-24T11:52:23+00:00,bound
Q_INFRA_ROBOTICS_EMRG_001,infra_robotics,Infra & Robotics,T,MARITIME,T,emerging_demand,crossref,offshore robotics AI digital twin autonomous systems resilience,50,42,42,42,true,0d0f235abe4437ac6fff35b08891d4759a4a2b52f877311f460eb7df77eab15c,2026-07-24T11:52:23+00:00,bound
Q_INFRA_ROBOTICS_EMRG_001,infra_robotics,Infra & Robotics,T,MARITIME,T,emerging_demand,scopus,offshore robotics AI digital twin autonomous systems resilience,0,0,0,0,true,86cae6fa72f03ce303d5ac1a18331b23f4dae33873809edfc1d134c4ebc2ba14,2026-07-24T11:52:23+00:00,bound
Q_INFRA_ROBOTICS_EMRG_002,infra_robotics,Infra & Robotics,T,MARITIME,T,emerging_demand,crossref,maritime cyber-physical systems climate adaptation safety port-city,50,27,27,27,true,5c4abd270c7cdbd1e0f2e74de13ee940ad45c1915daa371c9b821443feddd051,2026-07-24T11:52:23+00:00,bound
Q_INFRA_ROBOTICS_EMRG_002,infra_robotics,Infra & Robotics,T,MARITIME,T,emerging_demand,scopus,maritime cyber-physical systems climate adaptation safety port-city,0,0,0,0,true,b588208db5e290711513b84243c41f27752adc61f1ef508e2a825349ff94c32e,2026-07-24T11:52:23+00:00,bound
Q_INFRA_ROBOTICS_HYP_001,infra_robotics,Infra & Robotics,T,MARITIME,T,hypothesis_verification,crossref,infra & robotics maritimisation marinization oceanisation hydrosocial de-base-re hypothesis verification indicators,50,24,24,24,true,87d34bf763a42378c8f4ebf12e24724fa80ebfd130c4f846bfd6c317cff8eeb1,2026-07-24T11:52:23+00:00,bound
Q_INFRA_ROBOTICS_HYP_001,infra_robotics,Infra & Robotics,T,MARITIME,T,hypothesis_verification,scopus,infra & robotics maritimisation marinization oceanisation hydrosocial de-base-re hypothesis verification indicators,0,0,0,0,true,8ba73641084fc3f70d8b688b74ae134e21b5b185f9b62ab075361dfaff38b2b4,2026-07-24T11:52:23+00:00,bound
Q_INFRA_ROBOTICS_THY_001,infra_robotics,Infra & Robotics,O,OCEANIC,O,theory_translation,crossref,infra & robotics qmbd axis translation marine maritime oceanic hydronization theory terms taxonomy mapping,50,36,36,36,true,ee2207e27ff58805b19203939699be8b62b8e56bd4002f380bcf581445f4b9ca,2026-07-24T11:52:23+00:00,bound
Q_INFRA_ROBOTICS_THY_001,infra_robotics,Infra & Robotics,O,OCEANIC,O,theory_translation,scopus,infra & robotics qmbd axis translation marine maritime oceanic hydronization theory terms taxonomy mapping,0,0,0,0,true,1ea6818168f68c5798b497489f4fc2755af40d05ecde4717985f4b0130d600b6,2026-07-24T11:52:23+00:00,bound
Q_INFRA_ROBOTICS_VAL_001,infra_robotics,Infra & Robotics,T,MARITIME,T,validation_eqf_translation,crossref,offshore robotics EQF qualification framework micro-credential learning outcomes,50,39,39,39,true,eed94b38168af8a02f98c9b5a79ea083e09994a65ce4b92e3c3024bbff00f984,2026-07-24T11:52:23+00:00,bound
Q_INFRA_ROBOTICS_VAL_001,infra_robotics,Infra & Robotics,T,MARITIME,T,validation_eqf_translation,scopus,offshore robotics EQF qualification framework micro-credential learning outcomes,0,0,0,0,true,97680155d28e2bced08df24289114fe5d746508788d5798bbd7b9078fd66759c,2026-07-24T11:52:23+00:00,bound
Q_LIVING_RES_COMP_001,living_res,Living Res.,M,MARINE,M,competence_demand,crossref,fisheries workforce skills competences training professional development,50,35,35,35,true,9a81954f844f9951ba9c7090d9a716a702b61739041e25bbdaafee9c053c3759,2026-07-24T11:52:23+00:00,bound
Q_LIVING_RES_COMP_001,living_res,Living Res.,M,MARINE,M,competence_demand,scopus,fisheries workforce skills competences training professional development,0,0,0,0,true,eb477468e6b8bb569836130b4deb83d5f1f052b9d5a97e18846be28abb6c3b9a,2026-07-24T11:52:23+00:00,bound
Q_LIVING_RES_COMP_002,living_res,Living Res.,M,MARINE,M,competence_demand,crossref,aquaculture education learning outcomes curriculum qualification,50,25,25,25,true,2df43cda9a5924a3a9b8193f27a9620be11c33203fccb4d8e013371b76fd0e02,2026-07-24T11:52:23+00:00,bound
Q_LIVING_RES_COMP_002,living_res,Living Res.,M,MARINE,M,competence_demand,scopus,aquaculture education learning outcomes curriculum qualification,0,0,0,0,true,a2490ea6da25398145d4b95ede66dcdffcb395eb9b219ba64cf2575bf3774011,2026-07-24T11:52:23+00:00,bound
Q_LIVING_RES_CORE_001,living_res,Living Res.,M,MARINE,M,core_sector,crossref,small scale fisheries livelihoods blue economy governance,50,42,42,42,true,f77b41d5114bb7161d09bdb4fcb6e972a66980474d536671df64d4fa9a193ed3,2026-07-24T11:52:23+00:00,bound
Q_LIVING_RES_CORE_001,living_res,Living Res.,M,MARINE,M,core_sector,scopus,small scale fisheries livelihoods blue economy governance,20,19,19,19,true,3278f1ee02a9a807c4a86031b2d3d9a6ea59205efb64b62c02569e58aede62e8,2026-07-24T11:52:23+00:00,bound
Q_LIVING_RES_CORE_002,living_res,Living Res.,M,MARINE,M,core_sector,crossref,fisheries management sustainability marine protected areas,50,20,20,20,true,5387888172b854bd5ba4a762e641ce4f407f7336574cb8ad6d34a7f4766faca8,2026-07-24T11:52:23+00:00,bound
Q_LIVING_RES_CORE_002,living_res,Living Res.,M,MARINE,M,core_sector,scopus,fisheries management sustainability marine protected areas,25,25,25,25,true,807bfae1c279d1e8aa30936102f418f1c914b96a60e326d975631ebcbe1268b2,2026-07-24T11:52:23+00:00,bound
Q_LIVING_RES_CORE_003,living_res,Living Res.,M,MARINE,M,core_sector,crossref,aquaculture social licence environmental impact governance,50,39,39,39,true,6b0dc148412ff94f18b677b90cc1d4082b6c051e63b1020e6efccc524afbd9f4,2026-07-24T11:52:23+00:00,bound
Q_LIVING_RES_CORE_003,living_res,Living Res.,M,MARINE,M,core_sector,scopus,aquaculture social licence environmental impact governance,4,3,3,3,true,8ac9554b50eceeeed72842063bc5b2a57285de12ff0b9324013a599b6ed45a13,2026-07-24T11:52:23+00:00,bound
Q_LIVING_RES_EMRG_001,living_res,Living Res.,M,MARINE,M,emerging_demand,crossref,fisheries AI digital twin resilience climate adaptation just transition,50,44,44,44,true,2cb6600fa28dbc0cc8e04f291987556cba963b11a8640ecd1bcba72fbbe0727f,2026-07-24T11:52:23+00:00,bound
Q_LIVING_RES_EMRG_001,living_res,Living Res.,M,MARINE,M,emerging_demand,scopus,fisheries AI digital twin resilience climate adaptation just transition,0,0,0,0,true,a6a8deb9611decc5d32e99d32ad99f193b18492d24fc99037c9c9caae11c779d,2026-07-24T11:52:23+00:00,bound
Q_LIVING_RES_EMRG_002,living_res,Living Res.,O,OCEANIC,O,emerging_demand,crossref,small scale fisheries blue economy labour ocean literacy marine governance,50,44,44,44,true,53fde63459ffb870dbf631116bf34910fce74db29c0c1f82adf12adc3297ebde,2026-07-24T11:52:23+00:00,bound
Q_LIVING_RES_EMRG_002,living_res,Living Res.,O,OCEANIC,O,emerging_demand,scopus,small scale fisheries blue economy labour ocean literacy marine governance,0,0,0,0,true,43c99bc1459942410c3e9a45f0b71ac8ce4efa3ebe84adc8371aee4fefc3436f,2026-07-24T11:52:23+00:00,bound
Q_LIVING_RES_HYP_001,living_res,Living Res.,M,MARINE,M,hypothesis_verification,crossref,living res. maritimisation marinization oceanisation hydrosocial de-base-re hypothesis verification indicators,50,20,20,20,true,c0e595e25d1d64649fbc2a1dfd7da83cf2c0929ecc80b37e3d5ee1a8a774406f,2026-07-24T11:52:23+00:00,bound
Q_LIVING_RES_HYP_001,living_res,Living Res.,M,MARINE,M,hypothesis_verification,scopus,living res. maritimisation marinization oceanisation hydrosocial de-base-re hypothesis verification indicators,0,0,0,0,true,95cb2f02957852132a6ad1883d2a2058b0101a27647ee8593cf3a98c9aca4c91,2026-07-24T11:52:23+00:00,bound
Q_LIVING_RES_THY_001,living_res,Living Res.,O,OCEANIC,O,theory_translation,crossref,living res. qmbd axis translation marine maritime oceanic hydronization theory terms taxonomy mapping,50,32,32,32,true,5fee16f82f5ff0740b23d3d0143b68b71cb107d863e072494bbe7319bda6fb37,2026-07-24T11:52:23+00:00,bound
Q_LIVING_RES_THY_001,living_res,Living Res.,O,OCEANIC,O,theory_translation,scopus,living res. qmbd axis translation marine maritime oceanic hydronization theory terms taxonomy mapping,0,0,0,0,true,206a5107e436fe9d86add2c945167ad9ee5dca84e304eccbc81391f8620e2f32,2026-07-24T11:52:23+00:00,bound
Q_LIVING_RES_VAL_001,living_res,Living Res.,M,MARINE,M,validation_eqf_translation,crossref,fisheries aquaculture EQF qualification framework micro-credential learning outcomes,50,38,38,38,true,e16cc424f4251a0c0c9bb8fc4b6b17cf8a55a5b80759172c6e797fe27783e272,2026-07-24T11:52:23+00:00,bound
Q_LIVING_RES_VAL_001,living_res,Living Res.,M,MARINE,M,validation_eqf_translation,scopus,fisheries aquaculture EQF qualification framework micro-credential learning outcomes,0,0,0,0,true,9d066b692063888f45e84c64e459b8fe1b59805616a073a2c6494d8c316185b5,2026-07-24T11:52:23+00:00,bound
Q_MARITIME_DEFENCE_COMP_001,maritime_defence,Maritime Defence,T,MARITIME,T,competence_demand,crossref,maritime security workforce skills competences training professional development,50,36,36,36,true,4d7d56e688f910b75d2f7f0856eda8938bad6c2d36bfa06f457604c213eb6257,2026-07-24T11:52:23+00:00,bound
Q_MARITIME_DEFENCE_COMP_001,maritime_defence,Maritime Defence,T,MARITIME,T,competence_demand,scopus,maritime security workforce skills competences training professional development,1,1,1,1,true,c751acf0fe034c4cc2c35b1228245e7d743f8c7eadb7f395fd4f710e1c265c47,2026-07-24T11:52:23+00:00,bound
Q_MARITIME_DEFENCE_COMP_002,maritime_defence,Maritime Defence,T,MARITIME,T,competence_demand,crossref,naval operations education learning outcomes curriculum qualification,50,23,23,23,true,e13b173b9cf8f5bf6fbaefe50e45c510fe9f6fd78fdbab5c0eae1d16f74eba3c,2026-07-24T11:52:23+00:00,bound
Q_MARITIME_DEFENCE_COMP_002,maritime_defence,Maritime Defence,T,MARITIME,T,competence_demand,scopus,naval operations education learning outcomes curriculum qualification,0,0,0,0,true,67b7b3f2817684f845907ba757ad21a8ef46f500f58b40c7d6be136ab6c0014a,2026-07-24T11:52:23+00:00,bound
Q_MARITIME_DEFENCE_CORE_001,maritime_defence,Maritime Defence,T,MARITIME,T,core_sector,crossref,maritime security governance blue economy,50,42,42,42,true,1739a76d26151970afbaa40134f96e0a90ea431ff65cdf464034a09a57bc014a,2026-07-24T11:52:23+00:00,bound
Q_MARITIME_DEFENCE_CORE_001,maritime_defence,Maritime Defence,T,MARITIME,T,core_sector,scopus,maritime security governance blue economy,25,25,25,25,true,61e26e71bbb3fa5d2fc9ebbc7f7816ca098cf176efd5a3823683425ea0cde9f5,2026-07-24T11:52:23+00:00,bound
Q_MARITIME_DEFENCE_CORE_002,maritime_defence,Maritime Defence,T,MARITIME,T,core_sector,crossref,naval operations maritime domain awareness surveillance,50,19,19,19,true,88a6fb18f58550469df848174b0124dada91bccc299adaf159463504e5706d9e,2026-07-24T11:52:23+00:00,bound
Q_MARITIME_DEFENCE_CORE_002,maritime_defence,Maritime Defence,T,MARITIME,T,core_sector,scopus,naval operations maritime domain awareness surveillance,12,8,8,8,true,ecd1fc39122be03e216f79f8555f00a8b4a3e325f4eea297595d99062ae10cfd,2026-07-24T11:52:23+00:00,bound
Q_MARITIME_DEFENCE_CORE_003,maritime_defence,Maritime Defence,T,MARITIME,T,core_sector,crossref,critical maritime infrastructure protection governance,50,33,33,33,true,0c964ba82e30812a16341585a317202e696950ba73663423e5c1e977c229ede0,2026-07-24T11:52:23+00:00,bound
Q_MARITIME_DEFENCE_CORE_003,maritime_defence,Maritime Defence,T,MARITIME,T,core_sector,scopus,critical maritime infrastructure protection governance,10,9,9,9,true,0ae714a1cabcedb0f526b906cbaeb3fe2c5820e73e76a81c0b05146e324dbbba,2026-07-24T11:52:23+00:00,bound
Q_MARITIME_DEFENCE_EMRG_001,maritime_defence,Maritime Defence,T,MARITIME,T,emerging_demand,crossref,maritime domain awareness AI autonomous systems digital twin resilience,50,35,35,35,true,80b46c3dcb1e8a6a93b497cc282f590fedeb0f8f7befa88c6872f1e497cfc7da,2026-07-24T11:52:23+00:00,bound
Q_MARITIME_DEFENCE_EMRG_001,maritime_defence,Maritime Defence,T,MARITIME,T,emerging_demand,scopus,maritime domain awareness AI autonomous systems digital twin resilience,0,0,0,0,true,e91c70078955ad874efc1b8a22982f3e0378cffab1d31b6e3fd1a9f575b0972f,2026-07-24T11:52:23+00:00,bound
Q_MARITIME_DEFENCE_EMRG_002,maritime_defence,Maritime Defence,O,OCEANIC,O,emerging_demand,crossref,maritime security climate adaptation marine governance safety port-city,50,19,19,19,true,dc090cf0afa7041459d0eca7ce718001b613e77d1ebab8cfdaec2782c5656256,2026-07-24T11:52:23+00:00,bound
Q_MARITIME_DEFENCE_EMRG_002,maritime_defence,Maritime Defence,O,OCEANIC,O,emerging_demand,scopus,maritime security climate adaptation marine governance safety port-city,0,0,0,0,true,d3f16d1bda0b0ad15886511924e99b84cf7fd4cc4cbee2a3cb53fc30719b5ba8,2026-07-24T11:52:23+00:00,bound
Q_MARITIME_DEFENCE_HYP_001,maritime_defence,Maritime Defence,T,MARITIME,T,hypothesis_verification,crossref,maritime defence maritimisation marinization oceanisation hydrosocial de-base-re hypothesis verification indicators,50,20,20,20,true,b11630b81dcab3789750b4ae180087290af9878ef92b04a5d570ed64f4286358,2026-07-24T11:52:23+00:00,bound
Q_MARITIME_DEFENCE_HYP_001,maritime_defence,Maritime Defence,T,MARITIME,T,hypothesis_verification,scopus,maritime defence maritimisation marinization oceanisation hydrosocial de-base-re hypothesis verification indicators,0,0,0,0,true,855622d8c0851600d288a8ffa87e546f32b939936cecf12cdde4fef734b9ae08,2026-07-24T11:52:23+00:00,bound
Q_MARITIME_DEFENCE_THY_001,maritime_defence,Maritime Defence,O,OCEANIC,O,theory_translation,crossref,maritime defence qmbd axis translation marine maritime oceanic hydronization theory terms taxonomy mapping,50,21,21,21,true,37df4d12bd2d1faa6df968367f94c11fba511064e7de5d31712da93d190b0d10,2026-07-24T11:52:23+00:00,bound
Q_MARITIME_DEFENCE_THY_001,maritime_defence,Maritime Defence,O,OCEANIC,O,theory_translation,scopus,maritime defence qmbd axis translation marine maritime oceanic hydronization theory terms taxonomy mapping,0,0,0,0,true,680f96675f2fc546149eb1d19fb2e17b61980fc515bee6f6f38dd3614d348185,2026-07-24T11:52:23+00:00,bound
Q_MARITIME_DEFENCE_VAL_001,maritime_defence,Maritime Defence,T,MARITIME,T,validation_eqf_translation,crossref,maritime defence EQF qualification framework micro-credential learning outcomes,50,40,40,40,true,8a01f96df1c3548cd5950d6b9cb30f17169de98b39ecb0c43f6b4d576f76fe31,2026-07-24T11:52:23+00:00,bound
Q_MARITIME_DEFENCE_VAL_001,maritime_defence,Maritime Defence,T,MARITIME,T,validation_eqf_translation,scopus,maritime defence EQF qualification framework micro-credential learning outcomes,0,0,0,0,true,99df59577f861ac79f6cabca5ea73e37c8c2edbb9be9f3e8ac0b94e3b478486d,2026-07-24T11:52:23+00:00,bound
Q_MARITIME_TRANSPORT_COMP_001,maritime_transport,Maritime Transport,T,MARITIME,T,competence_demand,crossref,seafarer workforce skills competences training professional development,50,34,34,34,true,d8dc76443d14dd02d008323be06711a1366805a0c81ac7bbc0171140cd51799d,2026-07-24T11:52:23+00:00,bound
Q_MARITIME_TRANSPORT_COMP_001,maritime_transport,Maritime Transport,T,MARITIME,T,competence_demand,scopus,seafarer workforce skills competences training professional development,1,1,1,1,true,5c4f789f3c30b59d5c5614fb5417d5549c52a6f6863bfb1b8d07d8c090c01f19,2026-07-24T11:52:23+00:00,bound
Q_MARITIME_TRANSPORT_COMP_002,maritime_transport,Maritime Transport,T,MARITIME,T,competence_demand,crossref,maritime officer education learning outcomes curriculum qualification,50,23,23,23,true,e209558bf2681f394427edbdf8b50cd92f03330c50e92259e180347a68d93f30,2026-07-24T11:52:23+00:00,bound
Q_MARITIME_TRANSPORT_COMP_002,maritime_transport,Maritime Transport,T,MARITIME,T,competence_demand,scopus,maritime officer education learning outcomes curriculum qualification,0,0,0,0,true,b8e3f610dc006f6310f1721e5c451285c302ac659dd76e9ed74444f002d2a209,2026-07-24T11:52:23+00:00,bound
Q_MARITIME_TRANSPORT_CORE_001,maritime_transport,Maritime Transport,T,MARITIME,T,core_sector,crossref,maritime transport decarbonization emissions reduction,50,43,43,43,true,f8c2453bcecd776759e54cdf54b3708739d270277b3af3e78a24f3bd3f6691a5,2026-07-24T11:52:23+00:00,bound
Q_MARITIME_TRANSPORT_CORE_001,maritime_transport,Maritime Transport,T,MARITIME,T,core_sector,scopus,maritime transport decarbonization emissions reduction,25,25,25,25,true,dca582876085f6b1d8f07aa64e53bdd2b3f2da1739797984e90dc39de9b75861,2026-07-24T11:52:23+00:00,bound
Q_MARITIME_TRANSPORT_CORE_002,maritime_transport,Maritime Transport,T,MARITIME,T,core_sector,crossref,shipping governance international regulations IMO,50,26,26,26,true,11db82bdf388f492566fb1f74d524d3f0fb3148b1866959dbe4c0a2c600b62bb,2026-07-24T11:52:23+00:00,bound
Q_MARITIME_TRANSPORT_CORE_002,maritime_transport,Maritime Transport,T,MARITIME,T,core_sector,scopus,shipping governance international regulations IMO,25,25,25,25,true,f5ac32de0d842e8d0d1d56e2aff76f916663ffd6972dcd595cdf89417835b0a8,2026-07-24T11:52:23+00:00,bound
Q_MARITIME_TRANSPORT_CORE_003,maritime_transport,Maritime Transport,T,MARITIME,T,core_sector,crossref,maritime safety maritime labour conditions,50,16,16,16,true,e2562e232ac367dabc93156db0f33d054d1dfc060793869f4210c9a895f49f4b,2026-07-24T11:52:23+00:00,bound
Q_MARITIME_TRANSPORT_CORE_003,maritime_transport,Maritime Transport,T,MARITIME,T,core_sector,scopus,maritime safety maritime labour conditions,25,25,25,25,true,79ce5c23bafc870e37dd8a03b58b3d4bdeeb4f7a4d41e6c6fe1e2c9fc000d247,2026-07-24T11:52:23+00:00,bound
Q_MARITIME_TRANSPORT_EMRG_001,maritime_transport,Maritime Transport,T,MARITIME,T,emerging_demand,crossref,shipping AI digital twin autonomous systems decarbonization resilience,50,48,48,48,true,5010f03b88b0015e12a00290e3944ef7e3cc65d02cdccb177a897f1e4a39b313,2026-07-24T11:52:23+00:00,bound
Q_MARITIME_TRANSPORT_EMRG_001,maritime_transport,Maritime Transport,T,MARITIME,T,emerging_demand,scopus,shipping AI digital twin autonomous systems decarbonization resilience,0,0,0,0,true,3610b6a89bef04cb3824aeac37866d2b42206b41b17fbcf6031d51c4ff6ae6f0,2026-07-24T11:52:23+00:00,bound
Q_MARITIME_TRANSPORT_EMRG_002,maritime_transport,Maritime Transport,O,OCEANIC,O,emerging_demand,crossref,shipping just transition blue economy labour ocean literacy marine governance safety,50,42,42,42,true,64030c7dbce6e8b6d32b306f76e524161495d8fa4b5c19b1ea8e085bb7a66547,2026-07-24T11:52:23+00:00,bound
Q_MARITIME_TRANSPORT_EMRG_002,maritime_transport,Maritime Transport,O,OCEANIC,O,emerging_demand,scopus,shipping just transition blue economy labour ocean literacy marine governance safety,0,0,0,0,true,d6e62ce08fd36c9203cb51f301f6cab985410447bf1c2c59b41842b13129946b,2026-07-24T11:52:23+00:00,bound
Q_MARITIME_TRANSPORT_HYP_001,maritime_transport,Maritime Transport,T,MARITIME,T,hypothesis_verification,crossref,maritime transport maritimisation marinization oceanisation hydrosocial de-base-re hypothesis verification indicators,50,28,28,28,true,9ca8069c8d429355cd501fe8b76f0d1b380e20f2500c050dbf7fd0948f590874,2026-07-24T11:52:23+00:00,bound
Q_MARITIME_TRANSPORT_HYP_001,maritime_transport,Maritime Transport,T,MARITIME,T,hypothesis_verification,scopus,maritime transport maritimisation marinization oceanisation hydrosocial de-base-re hypothesis verification indicators,0,0,0,0,true,0c2e9005daebcb7e10031fef744d55664e7beb104aa767294a2679aacd4f3512,2026-07-24T11:52:23+00:00,bound
Q_MARITIME_TRANSPORT_THY_001,maritime_transport,Maritime Transport,O,OCEANIC,O,theory_translation,crossref,maritime transport qmbd axis translation marine maritime oceanic hydronization theory terms taxonomy mapping,50,16,16,16,true,4fa7314624ef72780b9fcac7cb8a99b51f5b660b7f4039c639c47b44fb97a56d,2026-07-24T11:52:23+00:00,bound
Q_MARITIME_TRANSPORT_THY_001,maritime_transport,Maritime Transport,O,OCEANIC,O,theory_translation,scopus,maritime transport qmbd axis translation marine maritime oceanic hydronization theory terms taxonomy mapping,0,0,0,0,true,5811a7d8a40751a5991de582f416d97f1825bb1aed6285ee8b774a7cc96c5ddb,2026-07-24T11:52:23+00:00,bound
Q_MARITIME_TRANSPORT_VAL_001,maritime_transport,Maritime Transport,T,MARITIME,T,validation_eqf_translation,crossref,maritime transport EQF qualification framework micro-credential STCW learning outcomes,50,24,24,24,true,8136b73336571b7ac375f832e35742d5e7e51a08cfa654b5f26f95c466f98b1f,2026-07-24T11:52:23+00:00,bound
Q_MARITIME_TRANSPORT_VAL_001,maritime_transport,Maritime Transport,T,MARITIME,T,validation_eqf_translation,scopus,maritime transport EQF qualification framework micro-credential STCW learning outcomes,0,0,0,0,true,1f326e2c87aa0d573deb987eb94913db3f34e35f564fb580a8ce81abc5d05262,2026-07-24T11:52:23+00:00,bound
Q_NON_LIVING_RES_COMP_001,non_living_res,Non-living Res.,M,MARINE,M,competence_demand,crossref,seabed mining workforce skills competences training professional development,50,33,33,33,true,691e13747ba882bc288a5c791e3aa948343190af4897b1a3c57903fd3e35f1a3,2026-07-24T11:52:23+00:00,bound
Q_NON_LIVING_RES_COMP_001,non_living_res,Non-living Res.,M,MARINE,M,competence_demand,scopus,seabed mining workforce skills competences training professional development,0,0,0,0,true,481cda3af3eef198867df3062e1703bebfaa56c5a989c2b4b3e33fcbf7eea5f6,2026-07-24T11:52:23+00:00,bound
Q_NON_LIVING_RES_COMP_002,non_living_res,Non-living Res.,M,MARINE,M,competence_demand,crossref,marine aggregates education learning outcomes curriculum qualification,50,24,24,24,true,7e54e06c931cff69221860ac2eb5fe04b7bac4521ec7ca091a36889610369c9f,2026-07-24T11:52:23+00:00,bound
Q_NON_LIVING_RES_COMP_002,non_living_res,Non-living Res.,M,MARINE,M,competence_demand,scopus,marine aggregates education learning outcomes curriculum qualification,0,0,0,0,true,0caaf7197ac5064e5de6566568c3a650451695380bd36d5b24f4bfd81d600c6e,2026-07-24T11:52:23+00:00,bound
Q_NON_LIVING_RES_CORE_001,non_living_res,Non-living Res.,M,MARINE,M,core_sector,crossref,seabed mining governance environmental impact social licence,50,37,37,37,true,9b3d23784974a382e3c41ee7f152b581760aa9bc79df9c7177f0ebe75fa2fae3,2026-07-24T11:52:23+00:00,bound
Q_NON_LIVING_RES_CORE_001,non_living_res,Non-living Res.,M,MARINE,M,core_sector,scopus,seabed mining governance environmental impact social licence,1,1,1,1,true,80f650a37e1c7ac6955b29fa5c671ef2b2b826ee6cd5c0511122a6275cd29560,2026-07-24T11:52:23+00:00,bound
Q_NON_LIVING_RES_CORE_002,non_living_res,Non-living Res.,M,MARINE,M,core_sector,crossref,marine aggregates extraction coastal governance sustainability,50,30,30,30,true,9ef43839914f1ef8b0ea4697bb564982caa43776e8a81c4c1497a3e42f16e6cb,2026-07-24T11:52:23+00:00,bound
Q_NON_LIVING_RES_CORE_002,non_living_res,Non-living Res.,M,MARINE,M,core_sector,scopus,marine aggregates extraction coastal governance sustainability,0,0,0,0,true,ac8a37158aa349e038cae4bd56e9ee48ca060cde79661650b812eec5656722f6,2026-07-24T11:52:23+00:00,bound
Q_NON_LIVING_RES_CORE_003,non_living_res,Non-living Res.,M,MARINE,M,core_sector,crossref,critical raw materials offshore extraction governance,50,30,30,30,true,192a0cf9219fc183cb3bf875ed07b66b11496428cfde158e7da2a1a498d3a050,2026-07-24T11:52:23+00:00,bound
Q_NON_LIVING_RES_CORE_003,non_living_res,Non-living Res.,M,MARINE,M,core_sector,scopus,critical raw materials offshore extraction governance,0,0,0,0,true,b3b01da1f521f8a8e42702bc0b5edb91d80897cf5f78eacdfb67e293c08d5092,2026-07-24T11:52:23+00:00,bound
Q_NON_LIVING_RES_EMRG_001,non_living_res,Non-living Res.,M,MARINE,M,emerging_demand,crossref,seabed mining AI autonomous systems safety climate adaptation,50,42,42,42,true,c39245957df59bee5ef6feb4fb2a556d392b0f29edd1d134fd6d45d4205e8b58,2026-07-24T11:52:23+00:00,bound
Q_NON_LIVING_RES_EMRG_001,non_living_res,Non-living Res.,M,MARINE,M,emerging_demand,scopus,seabed mining AI autonomous systems safety climate adaptation,0,0,0,0,true,db7a046b25563959cc85e1497a8757aa4989d80eaaabfc790701a7a4ef64174c,2026-07-24T11:52:23+00:00,bound
Q_NON_LIVING_RES_EMRG_002,non_living_res,Non-living Res.,O,OCEANIC,O,emerging_demand,crossref,critical raw materials just transition marine governance blue economy labour,50,42,42,42,true,f50a9f6700fc5eb45ea6def78d2e8f4879cbe4c5dec84d154d81e8a451939574,2026-07-24T11:52:23+00:00,bound
Q_NON_LIVING_RES_EMRG_002,non_living_res,Non-living Res.,O,OCEANIC,O,emerging_demand,scopus,critical raw materials just transition marine governance blue economy labour,0,0,0,0,true,de0435bc5bc67f11e8fed0005cea0200ed7a17bf29f520df54f982d99770a9f6,2026-07-24T11:52:23+00:00,bound
Q_NON_LIVING_RES_HYP_001,non_living_res,Non-living Res.,M,MARINE,M,hypothesis_verification,crossref,non-living res. maritimisation marinization oceanisation hydrosocial de-base-re hypothesis verification indicators,50,21,21,21,true,a56077869c70a8747559b537fe4de0b822f9159590e5a2aacaa3db39db7ace17,2026-07-24T11:52:23+00:00,bound
Q_NON_LIVING_RES_HYP_001,non_living_res,Non-living Res.,M,MARINE,M,hypothesis_verification,scopus,non-living res. maritimisation marinization oceanisation hydrosocial de-base-re hypothesis verification indicators,0,0,0,0,true,6d254fd20e0cd74ab11c0f36f47eac0b272e2bbf369e8550dca92f37c35d2190,2026-07-24T11:52:23+00:00,bound
Q_NON_LIVING_RES_THY_001,non_living_res,Non-living Res.,O,OCEANIC,O,theory_translation,crossref,non-living res. qmbd axis translation marine maritime oceanic hydronization theory terms taxonomy mapping,50,30,30,30,true,8e7249c327e3dfa26f08550eeda130ad8eada124c5b6017a8ec8006a6624fb03,2026-07-24T11:52:23+00:00,bound
Q_NON_LIVING_RES_THY_001,non_living_res,Non-living Res.,O,OCEANIC,O,theory_translation,scopus,non-living res. qmbd axis translation marine maritime oceanic hydronization theory terms taxonomy mapping,0,0,0,0,true,5c01a3799e7dcefcf828216b4edf9941bed59878a33759f1c2d70a9f14b48ea2,2026-07-24T11:52:23+00:00,bound
Q_NON_LIVING_RES_VAL_001,non_living_res,Non-living Res.,M,MARINE,M,validation_eqf_translation,crossref,seabed extraction EQF qualification framework micro-credential learning outcomes,50,41,41,41,true,dc905f843435225fb401f74343cc982f74aa6ba5c4a7985ada74ad1d64dea41c,2026-07-24T11:52:23+00:00,bound
Q_NON_LIVING_RES_VAL_001,non_living_res,Non-living Res.,M,MARINE,M,validation_eqf_translation,scopus,seabed extraction EQF qualification framework micro-credential learning outcomes,0,0,0,0,true,6d50f2f26ad2cacb050be6eef222be86621dfbf2987ba311eab07af034516e6d,2026-07-24T11:52:23+00:00,bound
Q_PORT_ACTIVITIES_COMP_001,port_activities,Port Activities,T,MARITIME,T,competence_demand,crossref,port worker workforce skills competences training professional development,50,33,33,33,true,6771dd6b3eac6558414af30f319effe157ee5069e8d7951c46c9733b26fdbcaf,2026-07-24T11:52:23+00:00,bound
Q_PORT_ACTIVITIES_COMP_001,port_activities,Port Activities,T,MARITIME,T,competence_demand,scopus,port worker workforce skills competences training professional development,0,0,0,0,true,23fd76f100f21e572d62747d1a8305cb948271b9624d78595c2ee931e0c0ac4f,2026-07-24T11:52:23+00:00,bound
Q_PORT_ACTIVITIES_COMP_002,port_activities,Port Activities,T,MARITIME,T,competence_demand,crossref,port operations education learning outcomes curriculum qualification,50,22,22,22,true,42e80d2f77aa350d200f2f83b48b5f127301704aa47c6eaa30de1c7743868dc8,2026-07-24T11:52:23+00:00,bound
Q_PORT_ACTIVITIES_COMP_002,port_activities,Port Activities,T,MARITIME,T,competence_demand,scopus,port operations education learning outcomes curriculum qualification,0,0,0,0,true,f0bc1fcc0df2a2a72741d12f64b67d42e76cf49043595d503f4ddc9b37216172,2026-07-24T11:52:23+00:00,bound
Q_PORT_ACTIVITIES_CORE_001,port_activities,Port Activities,T,MARITIME,T,core_sector,crossref,port governance maritime logistics sustainability,50,28,28,28,true,0fc99119a7b2196f19a008ed10dfb80263209af105e4cba00972f27f22ba564c,2026-07-24T11:52:23+00:00,bound
Q_PORT_ACTIVITIES_CORE_001,port_activities,Port Activities,T,MARITIME,T,core_sector,scopus,port governance maritime logistics sustainability,25,25,25,25,true,d8479981cc08e82b154163c7566db41818a973afc16b8d9882324934f0176eed,2026-07-24T11:52:23+00:00,bound
Q_PORT_ACTIVITIES_CORE_002,port_activities,Port Activities,T,MARITIME,T,core_sector,crossref,smart ports digital transformation port operations,50,34,34,34,true,e0f993cbffd76968e0ced21540092cc57f6cb6c370bb3aa37d5333de815dfdcc,2026-07-24T11:52:23+00:00,bound
Q_PORT_ACTIVITIES_CORE_002,port_activities,Port Activities,T,MARITIME,T,core_sector,scopus,smart ports digital transformation port operations,25,24,24,24,true,694a62bba8bc0098ea99cf13e31388926605a93aa0b31d33e130ff67da9e4b00,2026-07-24T11:52:23+00:00,bound
Q_PORT_ACTIVITIES_CORE_003,port_activities,Port Activities,T,MARITIME,T,core_sector,crossref,port climate adaptation sea level rise flood risk,50,27,27,27,true,9fee373f839f19a4e9a323624ee69f7ae350199685da9df779b53c8717ad806d,2026-07-24T11:52:23+00:00,bound
Q_PORT_ACTIVITIES_CORE_003,port_activities,Port Activities,T,MARITIME,T,core_sector,scopus,port climate adaptation sea level rise flood risk,24,13,13,13,true,b2e0044875334618f0b991f996190ca999634a10eeb8fdc691e6a1b79c32d764,2026-07-24T11:52:23+00:00,bound
Q_PORT_ACTIVITIES_EMRG_001,port_activities,Port Activities,T,MARITIME,T,emerging_demand,crossref,smart port AI digital twin autonomous systems resilience,50,47,47,47,true,15bf78d5ecd77fb4cebadc2cc38654f0d6b7ef6d362659e9d42fcbb8c3a17d85,2026-07-24T11:52:23+00:00,bound
Q_PORT_ACTIVITIES_EMRG_001,port_activities,Port Activities,T,MARITIME,T,emerging_demand,scopus,smart port AI digital twin autonomous systems resilience,0,0,0,0,true,2504e29707dbf8e9a9a6cbc654344f2d16cf539c6131ba6405afd1d7e61782a6,2026-07-24T11:52:23+00:00,bound
Q_PORT_ACTIVITIES_EMRG_002,port_activities,Port Activities,O,OCEANIC,O,emerging_demand,crossref,port-city climate adaptation just transition ocean literacy marine governance hydrosocial,50,34,34,34,true,364083dede07478939c3cf4b67f0222826d1626fd6541b7a97e7b3917aa802d5,2026-07-24T11:52:23+00:00,bound
Q_PORT_ACTIVITIES_EMRG_002,port_activities,Port Activities,O,OCEANIC,O,emerging_demand,scopus,port-city climate adaptation just transition ocean literacy marine governance hydrosocial,0,0,0,0,true,38101e6fa55f122bb614e10c008eb50a95f8070310b82e4cfb03c951cab28a0a,2026-07-24T11:52:23+00:00,bound
Q_PORT_ACTIVITIES_HYP_001,port_activities,Port Activities,T,MARITIME,T,hypothesis_verification,crossref,port activities maritimisation marinization oceanisation hydrosocial de-base-re hypothesis verification indicators,50,30,30,30,true,a29d4f6e224e5316e644fbe81b35ea81cb75e2adcdeb72f9682c64a9cc2318cc,2026-07-24T11:52:23+00:00,bound
Q_PORT_ACTIVITIES_HYP_001,port_activities,Port Activities,T,MARITIME,T,hypothesis_verification,scopus,port activities maritimisation marinization oceanisation hydrosocial de-base-re hypothesis verification indicators,0,0,0,0,true,1164d612d13cca5bd93840077514843d18b11d90a61e7f2bf766132be898f690,2026-07-24T11:52:23+00:00,bound
Q_PORT_ACTIVITIES_THY_001,port_activities,Port Activities,O,OCEANIC,O,theory_translation,crossref,port activities qmbd axis translation marine maritime oceanic hydronization theory terms taxonomy mapping,50,22,22,22,true,45a5ddde021c582406da255b2605c88f6cfe8e1ea55c211df4706f1d434acfbb,2026-07-24T11:52:23+00:00,bound
Q_PORT_ACTIVITIES_THY_001,port_activities,Port Activities,O,OCEANIC,O,theory_translation,scopus,port activities qmbd axis translation marine maritime oceanic hydronization theory terms taxonomy mapping,0,0,0,0,true,54bca56762bbe9cb611a845319f6652160eae9154a68f6d19a5d65a32ef62e61,2026-07-24T11:52:23+00:00,bound
Q_PORT_ACTIVITIES_VAL_001,port_activities,Port Activities,T,MARITIME,T,validation_eqf_translation,crossref,port operations EQF qualification framework micro-credential learning outcomes,50,41,41,41,true,f25ca9fd80f3765df506bbb6285a8be3668a890aab4924ce011ade7cc8690ea8,2026-07-24T11:52:23+00:00,bound
Q_PORT_ACTIVITIES_VAL_001,port_activities,Port Activities,T,MARITIME,T,validation_eqf_translation,scopus,port operations EQF qualification framework micro-credential learning outcomes,0,0,0,0,true,dc6ee703fcedd36f01c2691ee6ab427d3d3d0944f83e214d361a5934bc4160df,2026-07-24T11:52:23+00:00,bound
Q_RENEWABLE_ENERGY_COMP_001,renewable_energy,Renewable Energy,T,MARITIME,T,competence_demand,crossref,offshore wind workforce skills competences training professional development,50,35,35,35,true,dbfb19e5f0cc2037eeb69c7569990447ae59b6c8277b1bc2a6adaa7befbb496a,2026-07-24T11:52:23+00:00,bound
Q_RENEWABLE_ENERGY_COMP_001,renewable_energy,Renewable Energy,T,MARITIME,T,competence_demand,scopus,offshore wind workforce skills competences training professional development,0,0,0,0,true,9f9b68f8a0d46689b8933e5c9e3c09323522d25068803ce90e01b938f77d9566,2026-07-24T11:52:23+00:00,bound
Q_RENEWABLE_ENERGY_COMP_002,renewable_energy,Renewable Energy,T,MARITIME,T,competence_demand,crossref,ocean renewable energy education learning outcomes curriculum qualification,50,11,11,11,true,0eaff0ee3cc2116eae4a12966fdc2f995c3d606b0185d81dd1c0c9d41a37c2c6,2026-07-24T11:52:23+00:00,bound
Q_RENEWABLE_ENERGY_COMP_002,renewable_energy,Renewable Energy,T,MARITIME,T,competence_demand,scopus,ocean renewable energy education learning outcomes curriculum qualification,0,0,0,0,true,a1f894303b131e7379fd7e0849e24eab1f5f8079c523bc295ee4d733596c0622,2026-07-24T11:52:23+00:00,bound
Q_RENEWABLE_ENERGY_CORE_001,renewable_energy,Renewable Energy,T,MARITIME,T,core_sector,crossref,offshore wind energy marine spatial planning governance,50,21,21,21,true,fdac535799321a90bac76d68c60ccc38d9e86d91ff9cf764e1f1be1da531c4c7,2026-07-24T11:52:23+00:00,bound
Q_RENEWABLE_ENERGY_CORE_001,renewable_energy,Renewable Energy,T,MARITIME,T,core_sector,scopus,offshore wind energy marine spatial planning governance,25,25,24,25,true,357525317bd6b589de0dff12691f0fe6b5a9bb9e8c98e8a686439d7f105f507b,2026-07-24T11:52:23+00:00,bound
Q_RENEWABLE_ENERGY_CORE_002,renewable_energy,Renewable Energy,T,MARITIME,T,core_sector,crossref,ocean renewable energy governance sustainability,50,27,27,27,true,09c7d78a29ebf00704d7700e667973433b023bca073614ebd9001f5eecf4b799,2026-07-24T11:52:23+00:00,bound
Q_RENEWABLE_ENERGY_CORE_002,renewable_energy,Renewable Energy,T,MARITIME,T,core_sector,scopus,ocean renewable energy governance sustainability,25,23,23,23,true,857a6545667757157fcdb14a33ab34c0ad8e1cee22daeb189104f325f1bb9c80,2026-07-24T11:52:23+00:00,bound
Q_RENEWABLE_ENERGY_CORE_003,renewable_energy,Renewable Energy,T,MARITIME,T,core_sector,crossref,tidal energy wave energy environmental impact,50,14,14,14,true,5ba9efe0852e4a15b5dc8c940e2f3036888f152b662e656a03d6e9790aff5f0d,2026-07-24T11:52:23+00:00,bound
Q_RENEWABLE_ENERGY_CORE_003,renewable_energy,Renewable Energy,T,MARITIME,T,core_sector,scopus,tidal energy wave energy environmental impact,25,25,25,25,true,a29121f4f40f874066305b477be333cc6f0624a6aae7662c08f14ff08bbcd3b5,2026-07-24T11:52:23+00:00,bound
Q_RENEWABLE_ENERGY_EMRG_001,renewable_energy,Renewable Energy,T,MARITIME,T,emerging_demand,crossref,offshore wind AI digital twin autonomous systems resilience,50,47,47,47,true,5bf80b741d0a0f6335afffa8cd2def8ac15706b8b91af5b046906f606209a802,2026-07-24T11:52:23+00:00,bound
Q_RENEWABLE_ENERGY_EMRG_001,renewable_energy,Renewable Energy,T,MARITIME,T,emerging_demand,scopus,offshore wind AI digital twin autonomous systems resilience,0,0,0,0,true,d102874730ee64eb95aa5a363c8a2f26de75c48969a828453bbea06b25657a93,2026-07-24T11:52:23+00:00,bound
Q_RENEWABLE_ENERGY_EMRG_002,renewable_energy,Renewable Energy,O,OCEANIC,O,emerging_demand,crossref,offshore wind just transition climate adaptation marine governance safety,50,33,33,33,true,1f48bb625671bb32118c8e0149cf9c337609376c6c421f48c3e4ddd4b1832f72,2026-07-24T11:52:23+00:00,bound
Q_RENEWABLE_ENERGY_EMRG_002,renewable_energy,Renewable Energy,O,OCEANIC,O,emerging_demand,scopus,offshore wind just transition climate adaptation marine governance safety,0,0,0,0,true,b92f6aae2cd11ba38e1c82db3d10aeee24e08a9a8d2fc6aaebb9ed8c419e9904,2026-07-24T11:52:23+00:00,bound
Q_RENEWABLE_ENERGY_HYP_001,renewable_energy,Renewable Energy,T,MARITIME,T,hypothesis_verification,crossref,renewable energy maritimisation marinization oceanisation hydrosocial de-base-re hypothesis verification indicators,50,19,19,19,true,1b7449c7ec5a6961e6d0c4ad472b3793ee5a35d92d5ec8c96394e475bc795d4a,2026-07-24T11:52:23+00:00,bound
Q_RENEWABLE_ENERGY_HYP_001,renewable_energy,Renewable Energy,T,MARITIME,T,hypothesis_verification,scopus,renewable energy maritimisation marinization oceanisation hydrosocial de-base-re hypothesis verification indicators,0,0,0,0,true,a9d4d5d2a60cd1b71603185f05519963a18dc810b3f4890092a4255ca2410e1e,2026-07-24T11:52:23+00:00,bound
Q_RENEWABLE_ENERGY_THY_001,renewable_energy,Renewable Energy,O,OCEANIC,O,theory_translation,crossref,renewable energy qmbd axis translation marine maritime oceanic hydronization theory terms taxonomy mapping,50,21,21,21,true,e5b640791a8f81b8933881c875608ab12f8b6258c1eba24a88b07bc5af106719,2026-07-24T11:52:23+00:00,bound
Q_RENEWABLE_ENERGY_THY_001,renewable_energy,Renewable Energy,O,OCEANIC,O,theory_translation,scopus,renewable energy qmbd axis translation marine maritime oceanic hydronization theory terms taxonomy mapping,0,0,0,0,true,1b4d29d6325eb8984b3158d464a757974e659f03ea4c536c830ba436a93c7a1e,2026-07-24T11:52:23+00:00,bound
Q_RENEWABLE_ENERGY_VAL_001,renewable_energy,Renewable Energy,T,MARITIME,T,validation_eqf_translation,crossref,offshore renewable energy EQF qualification framework micro-credential learning outcomes,50,31,31,31,true,65d534d1901b052e9c1ba4e858667cdc22d089bf8ccbc1ae4e7d036e4fb6d72b,2026-07-24T11:52:23+00:00,bound
Q_RENEWABLE_ENERGY_VAL_001,renewable_energy,Renewable Energy,T,MARITIME,T,validation_eqf_translation,scopus,offshore renewable energy EQF qualification framework micro-credential learning outcomes,0,0,0,0,true,499ce485cf73ef2294173ee8ac918def2db7726f2bae8189ec8502d9e891c128,2026-07-24T11:52:23+00:00,bound
Q_R_I_COMP_001,r_i,R&I,O,OCEANIC,O,competence_demand,crossref,blue economy researcher workforce skills competences training professional development,50,34,34,34,true,e0ea377d2f1e4b309c521d7d3458ad1510d401dd61606981c671fce3017ebf86,2026-07-24T11:52:23+00:00,bound
Q_R_I_COMP_001,r_i,R&I,O,OCEANIC,O,competence_demand,scopus,blue economy researcher workforce skills competences training professional development,0,0,0,0,true,e1b8d91357603a5922ec34bf5fabb6f785e6fc349f7434b13f99b399f2ee26a8,2026-07-24T11:52:23+00:00,bound
Q_R_I_COMP_002,r_i,R&I,O,OCEANIC,O,competence_demand,crossref,ocean science education learning outcomes curriculum qualification,50,26,26,26,true,e075a225f4aa81bf62821a96d72a5c45dc44e3f431ad4f8372442a7920ea08b6,2026-07-24T11:52:23+00:00,bound
Q_R_I_COMP_002,r_i,R&I,O,OCEANIC,O,competence_demand,scopus,ocean science education learning outcomes curriculum qualification,0,0,0,0,true,f5590e4ab4f668f2870bdfb5fcb2d42fb4585bfb13f84a95dc9dee1f53aa6b68,2026-07-24T11:52:23+00:00,bound
Q_R_I_CORE_001,r_i,R&I,O,OCEANIC,O,core_sector,crossref,ocean observation marine monitoring data infrastructure,50,26,26,26,true,f6aca969c13c0759ba8885859040cbd85d228da1d234272f2e1de142eede1788,2026-07-24T11:52:23+00:00,bound
Q_R_I_CORE_001,r_i,R&I,O,OCEANIC,O,core_sector,scopus,ocean observation marine monitoring data infrastructure,25,25,25,25,true,b4bb7ea100bee7513ec616caab35b04efb0d59dafa93cc5c6b97954de95071a2,2026-07-24T11:52:23+00:00,bound
Q_R_I_CORE_002,r_i,R&I,O,OCEANIC,O,core_sector,crossref,ocean data governance FAIR CARE principles,50,33,33,33,true,9a4806d73963ba305357d46bb635bfdb56cfe0d1abf3d7cb702e7e8cec4589a1,2026-07-24T11:52:23+00:00,bound
Q_R_I_CORE_002,r_i,R&I,O,OCEANIC,O,core_sector,scopus,ocean data governance FAIR CARE principles,1,1,1,1,true,0353c4a718fd0de2b111f0bd3f92e0e0181911ad83fd7e47be4950d6ab1dbd8e,2026-07-24T11:52:23+00:00,bound
Q_R_I_CORE_003,r_i,R&I,O,OCEANIC,O,core_sector,crossref,blue economy research innovation policy governance,50,35,35,35,true,d2aa7f2a2fbc41ba1024218959332db531f0b63cc50b5d38bbda01d35269f29c,2026-07-24T11:52:23+00:00,bound
Q_R_I_CORE_003,r_i,R&I,O,OCEANIC,O,core_sector,scopus,blue economy research innovation policy governance,25,25,25,25,true,89f1ca47b1b043c65ef46e5f3110a14f9a4ad5e0dfac56bcf3fa6c29c9cc1282,2026-07-24T11:52:23+00:00,bound
Q_R_I_EMRG_001,r_i,R&I,O,OCEANIC,O,emerging_demand,crossref,ocean observation AI digital twin autonomous systems resilience climate adaptation,50,42,42,42,true,c7fc0747ed79c1e63e12a1145e5074596cf2af88cc46cdf599484f246d28c20f,2026-07-24T11:52:23+00:00,bound
Q_R_I_EMRG_001,r_i,R&I,O,OCEANIC,O,emerging_demand,scopus,ocean observation AI digital twin autonomous systems resilience climate adaptation,0,0,0,0,true,9ccd8e4eee9c09781258965a8cc792442f6ee8c6f2df6bb72cb9ee7b90ce75db,2026-07-24T11:52:23+00:00,bound
Q_R_I_EMRG_002,r_i,R&I,O,OCEANIC,O,emerging_demand,crossref,blue economy research just transition ocean literacy marine governance hydrosocial,50,44,44,44,true,46006a3b6a9dd441af875b2b67851989b55ab4ded5755ed5aca0ee59a75d277b,2026-07-24T11:52:23+00:00,bound
Q_R_I_EMRG_002,r_i,R&I,O,OCEANIC,O,emerging_demand,scopus,blue economy research just transition ocean literacy marine governance hydrosocial,0,0,0,0,true,9d5d0e05531173f9d093e77726600fe7a0b08448a8d4218a263d21a8251ac373,2026-07-24T11:52:23+00:00,bound
Q_R_I_HYP_001,r_i,R&I,O,OCEANIC,O,hypothesis_verification,crossref,r&i maritimisation marinization oceanisation hydrosocial de-base-re hypothesis verification indicators,50,18,18,18,true,6762cc4c9a23ec9ca7ff7a29de49fa086f569929d5c3e45cc4535f1bf296f7cb,2026-07-24T11:52:23+00:00,bound
Q_R_I_HYP_001,r_i,R&I,O,OCEANIC,O,hypothesis_verification,scopus,r&i maritimisation marinization oceanisation hydrosocial de-base-re hypothesis verification indicators,0,0,0,0,true,80f2fc861b06880e1506072d0ec42ac64463a05a4c78a0ac0494c80e2e9ea4b1,2026-07-24T11:52:23+00:00,bound
Q_R_I_THY_001,r_i,R&I,O,OCEANIC,O,theory_translation,crossref,r&i qmbd axis translation marine maritime oceanic hydronization theory terms taxonomy mapping,50,29,29,29,true,ab07e63b80fecad71e4557f2b25ac18e31af0a05df3ba66b29fc27d5daa333e2,2026-07-24T11:52:23+00:00,bound
Q_R_I_THY_001,r_i,R&I,O,OCEANIC,O,theory_translation,scopus,r&i qmbd axis translation marine maritime oceanic hydronization theory terms taxonomy mapping,0,0,0,0,true,9caa7eaff8f20b07b48901514f552f0e03a7629628bb500b74bacd3ee40b6afd,2026-07-24T11:52:23+00:00,bound
Q_R_I_VAL_001,r_i,R&I,O,OCEANIC,O,validation_eqf_translation,crossref,ocean science EQF qualification framework micro-credential learning outcomes,50,43,43,43,true,670e8e67c72aa596af299c331b6bccdef5bda51a4e958dbfadc3e53036c5a2d7,2026-07-24T11:52:23+00:00,bound
Q_R_I_VAL_001,r_i,R&I,O,OCEANIC,O,validation_eqf_translation,scopus,ocean science EQF qualification framework micro-credential learning outcomes,0,0,0,0,true,17eb57f4016f28bcd801f9128f646cc855dfbf857b1ed7bf76d3ba5c23b5cad9,2026-07-24T11:52:23+00:00,bound
Q_SHIP_REPAIR_COMP_001,ship_repair,Ship Repair,T,MARITIME,T,competence_demand,crossref,shipyard worker workforce skills competences training professional development,50,32,32,32,true,ccd5b0fa22cc5cb6232351adf357d8cfb4de16a8c27fe844851051e04c7d9930,2026-07-24T11:52:23+00:00,bound
Q_SHIP_REPAIR_COMP_001,ship_repair,Ship Repair,T,MARITIME,T,competence_demand,scopus,shipyard worker workforce skills competences training professional development,0,0,0,0,true,84087c53f0ace6be7bdb295633875c4fd98a3860d219244a902a63608ad3651e,2026-07-24T11:52:23+00:00,bound
Q_SHIP_REPAIR_COMP_002,ship_repair,Ship Repair,T,MARITIME,T,competence_demand,crossref,ship repair engineer education learning outcomes curriculum qualification,50,25,25,25,true,147c9959f6d09d91b65366e893ba196d3233922dbde56460746556de9e4a7b36,2026-07-24T11:52:23+00:00,bound
Q_SHIP_REPAIR_COMP_002,ship_repair,Ship Repair,T,MARITIME,T,competence_demand,scopus,ship repair engineer education learning outcomes curriculum qualification,0,0,0,0,true,ac1a1e40ed573758b7de2e692cd16d0f1fb0fa2d05e7689a9e1412fc953715b3,2026-07-24T11:52:23+00:00,bound
Q_SHIP_REPAIR_CORE_001,ship_repair,Ship Repair,T,MARITIME,T,core_sector,crossref,ship repair shipyard workforce skills training,50,16,16,16,true,222be98f20948de8a7d601490efa1cddd824e90ca4ecdce418b069caf17800f9,2026-07-24T11:52:23+00:00,bound
Q_SHIP_REPAIR_CORE_001,ship_repair,Ship Repair,T,MARITIME,T,core_sector,scopus,ship repair shipyard workforce skills training,5,2,2,2,true,ed600e96c9f8a84d961da985fa8117aaffe488a302bbcc007fd12f737eeebdcf,2026-07-24T11:52:23+00:00,bound
Q_SHIP_REPAIR_CORE_002,ship_repair,Ship Repair,T,MARITIME,T,core_sector,crossref,ship retrofit decarbonization maintenance governance,50,40,40,40,true,bef8e7ba96493f64c2696a6f70add1306381a478b5dafac721e5cb970b48b951,2026-07-24T11:52:23+00:00,bound
Q_SHIP_REPAIR_CORE_002,ship_repair,Ship Repair,T,MARITIME,T,core_sector,scopus,ship retrofit decarbonization maintenance governance,0,0,0,0,true,a8eeef0a0b09270b658adcaf613e5f610e470097c808cd76db33582065a5db64,2026-07-24T11:52:23+00:00,bound
Q_SHIP_REPAIR_CORE_003,ship_repair,Ship Repair,T,MARITIME,T,core_sector,crossref,maritime repair supply chain safety standards,50,21,21,21,true,8c72e830cb0f234a60faaef8119990bc8ee33c675fc3a1cae4f0f3a13591a184,2026-07-24T11:52:23+00:00,bound
Q_SHIP_REPAIR_CORE_003,ship_repair,Ship Repair,T,MARITIME,T,core_sector,scopus,maritime repair supply chain safety standards,0,0,0,0,true,190a7ef4ec5dc16d9553ceb2b3c36b75408ca3139ae2b475084fca0009d7af73,2026-07-24T11:52:23+00:00,bound
Q_SHIP_REPAIR_EMRG_001,ship_repair,Ship Repair,T,MARITIME,T,emerging_demand,crossref,ship repair AI digital twin autonomous systems resilience,50,48,48,48,true,0d3146f55eeda44b8ea9913eaf5b0442f655e8e055b32ba0843fa357fe8b96f2,2026-07-24T11:52:23+00:00,bound
Q_SHIP_REPAIR_EMRG_001,ship_repair,Ship Repair,T,MARITIME,T,emerging_demand,scopus,ship repair AI digital twin autonomous systems resilience,0,0,0,0,true,bc4a91a60bb6557fcb75fce6de5db357e410d3dc2ecdb0b93279d22628b2374a,2026-07-24T11:52:23+00:00,bound
Q_SHIP_REPAIR_EMRG_002,ship_repair,Ship Repair,O,OCEANIC,O,emerging_demand,crossref,ship retrofit just transition climate adaptation marine governance safety,50,31,31,31,true,44f5b8f5f7d2ba399e4c6a1bbb11089bbbb948bafd4f392c47b4e0530a799cc7,2026-07-24T11:52:23+00:00,bound
Q_SHIP_REPAIR_EMRG_002,ship_repair,Ship Repair,O,OCEANIC,O,emerging_demand,scopus,ship retrofit just transition climate adaptation marine governance safety,0,0,0,0,true,38593d7169410c2463229c0e39b7502390692e711c18f4cec2b54f13a37e2a18,2026-07-24T11:52:23+00:00,bound
Q_SHIP_REPAIR_HYP_001,ship_repair,Ship Repair,T,MARITIME,T,hypothesis_verification,crossref,ship repair maritimisation marinization oceanisation hydrosocial de-base-re hypothesis verification indicators,50,20,20,20,true,f93eb1900ce50d236993c602fe9e3eb5c3f4bd34eb8f06e2a7e7f2f1bafc11d1,2026-07-24T11:52:23+00:00,bound
Q_SHIP_REPAIR_HYP_001,ship_repair,Ship Repair,T,MARITIME,T,hypothesis_verification,scopus,ship repair maritimisation marinization oceanisation hydrosocial de-base-re hypothesis verification indicators,0,0,0,0,true,048031ed447ea826a71830725d4cfebcc228b3905e00f379a4f037dc19e01b80,2026-07-24T11:52:23+00:00,bound
Q_SHIP_REPAIR_THY_001,ship_repair,Ship Repair,O,OCEANIC,O,theory_translation,crossref,ship repair qmbd axis translation marine maritime oceanic hydronization theory terms taxonomy mapping,50,28,28,28,true,70351ee0f7021f55b801591cee81839140dd388c7339ddf9431f10c6fa021ad6,2026-07-24T11:52:23+00:00,bound
Q_SHIP_REPAIR_THY_001,ship_repair,Ship Repair,O,OCEANIC,O,theory_translation,scopus,ship repair qmbd axis translation marine maritime oceanic hydronization theory terms taxonomy mapping,0,0,0,0,true,772d2aa838ac8d375edcc8eeb7495ae366cf1c1d85d158cf2fe0b08037889769,2026-07-24T11:52:23+00:00,bound
Q_SHIP_REPAIR_VAL_001,ship_repair,Ship Repair,T,MARITIME,T,validation_eqf_translation,crossref,ship repair EQF qualification framework micro-credential learning outcomes,50,42,42,42,true,e7c0d57c79b775843dedd2b6971240e1e8c2991b08386c4fda78cb6fb71350d3,2026-07-24T11:52:23+00:00,bound
Q_SHIP_REPAIR_VAL_001,ship_repair,Ship Repair,T,MARITIME,T,validation_eqf_translation,scopus,ship repair EQF qualification framework micro-credential learning outcomes,0,0,0,0,true,95a523ea3a59d3072b4008ad5e388b0b0778dd5a056b063f4f28d2a6d25be3f2,2026-07-24T11:52:23+00:00,bound
