evidence_id,sector,axis_group,axis_code
evidence:doi:10.1002/9781119552482.ch11,infra_robotics,MARITIME,T
evidence:doi:10.1002/9781394303243.ch15,coastal_tourism,OCEANIC,O
evidence:doi:10.1002/9781394303564.ch25,port_activities,MARITIME,T
evidence:doi:10.1002/9781394303601.ch11,port_activities,MARITIME,T
evidence:doi:10.1002/9781394411320.ch1,port_activities,MARITIME,T
evidence:doi:10.1002/9781394411320.ch10,port_activities,MARITIME,T
evidence:doi:10.1002/9781394411320.ch3,port_activities,MARITIME,T
evidence:doi:10.1002/9781394411320.ch4,port_activities,MARITIME,T
evidence:doi:10.1002/9781394411320.ch6,port_activities,MARITIME,T
evidence:doi:10.1002/9781394411320.ch7,blue_biotech,MARINE,M
evidence:doi:10.1002/9781394464272.ch9,renewable_energy,MARITIME,T
evidence:doi:10.1002/9781394464364-03,renewable_energy,MARITIME,T
evidence:doi:10.1002/aff2.70109,living_res,MARINE,M
evidence:doi:10.1002/cpe.6300,maritime_defence,MARITIME,T
evidence:doi:10.1002/ep.14102,renewable_energy,MARITIME,T
evidence:doi:10.1002/essoar.10512862.1,r_i,OCEANIC,O
evidence:doi:10.1002/geo2.70049,ship_repair,OCEANIC,O
evidence:doi:10.1002/we.2467/v1/review1,renewable_energy,OCEANIC,O
evidence:doi:10.1007/978-1-4471-5102-9_100116-1,infra_robotics,MARITIME,T
evidence:doi:10.1007/978-3-030-13050-3_5,infra_robotics,MARITIME,T
evidence:doi:10.1007/978-3-030-19913-5_11,infra_robotics,MARITIME,T
evidence:doi:10.1007/978-3-030-19913-5_2,infra_robotics,MARITIME,T
evidence:doi:10.1007/978-3-030-41560-0_9,infra_robotics,MARITIME,T
evidence:doi:10.1007/978-3-030-61075-3_73,port_activities,MARITIME,T
evidence:doi:10.1007/978-3-030-64088-0_15,infra_robotics,MARITIME,T
evidence:doi:10.1007/978-3-030-65048-3_14,infra_robotics,MARITIME,T
evidence:doi:10.1007/978-3-030-69325-1_18,maritime_defence,OCEANIC,O
evidence:doi:10.1007/978-3-030-72579-2_150,desalination,HYDRONIZATION,H
evidence:doi:10.1007/978-3-030-89460-3_1,non_living_res,OCEANIC,O
evidence:doi:10.1007/978-3-030-89624-9_3,living_res,OCEANIC,O
evidence:doi:10.1007/978-3-030-96519-8_17,maritime_transport,OCEANIC,O
evidence:doi:10.1007/978-3-031-24888-7_19,blue_biotech,MARINE,M
evidence:doi:10.1007/978-3-031-38376-2_2,infra_robotics,MARITIME,T
evidence:doi:10.1007/978-3-031-38376-2_7,infra_robotics,MARITIME,T
evidence:doi:10.1007/978-3-031-44851-5_51,desalination,HYDRONIZATION,H
evidence:doi:10.1007/978-3-031-48831-3_1,blue_biotech,OCEANIC,O
evidence:doi:10.1007/978-3-031-59903-3_11,maritime_defence,MARITIME,T
evidence:doi:10.1007/978-3-031-59903-3_4,maritime_defence,MARITIME,T
evidence:doi:10.1007/978-3-031-61749-2_3,blue_biotech,MARINE,M
evidence:doi:10.1007/978-3-031-61976-2_8,renewable_energy,MARITIME,T
evidence:doi:10.1007/978-3-031-63337-9_10,maritime_defence,MARITIME,T
evidence:doi:10.1007/978-3-031-69848-4_1,desalination,HYDRONIZATION,H
evidence:doi:10.1007/978-3-031-73187-7_14,coastal_tourism,OCEANIC,O
evidence:doi:10.1007/978-3-031-75826-3_26,living_res,MARINE,M
evidence:doi:10.1007/978-3-031-82790-7_9,maritime_defence,MARITIME,T
evidence:doi:10.1007/978-3-031-87290-7_2,maritime_defence,MARITIME,T
evidence:doi:10.1007/978-3-031-93887-0_5,renewable_energy,MARITIME,T
evidence:doi:10.1007/978-3-032-01959-2_3,coastal_tourism,OCEANIC,O
evidence:doi:10.1007/978-3-032-04774-8_83,infra_robotics,MARITIME,T
evidence:doi:10.1007/978-3-032-08664-8_13,port_activities,MARITIME,T
evidence:doi:10.1007/978-3-032-09453-7_12,r_i,OCEANIC,O
evidence:doi:10.1007/978-3-032-09453-7_19,r_i,OCEANIC,O
evidence:doi:10.1007/978-3-032-09453-7_2,r_i,OCEANIC,O
evidence:doi:10.1007/978-3-032-09453-7_23,maritime_transport,OCEANIC,O
evidence:doi:10.1007/978-3-032-09453-7_6,r_i,OCEANIC,O
evidence:doi:10.1007/978-3-032-10362-8_2,infra_robotics,MARITIME,T
evidence:doi:10.1007/978-3-032-11678-9_26,coastal_tourism,OCEANIC,O
evidence:doi:10.1007/978-3-032-13638-1_10,r_i,OCEANIC,O
evidence:doi:10.1007/978-3-032-13638-1_19,living_res,MARINE,M
evidence:doi:10.1007/978-3-032-13898-9_37,desalination,HYDRONIZATION,H
evidence:doi:10.1007/978-3-032-16288-5_2,port_activities,MARITIME,T
evidence:doi:10.1007/978-3-032-18199-2_22,r_i,OCEANIC,O
evidence:doi:10.1007/978-3-032-18342-2_1,non_living_res,OCEANIC,O
evidence:doi:10.1007/978-3-032-18342-2_9,non_living_res,OCEANIC,O
evidence:doi:10.1007/978-3-032-19927-0_102,living_res,MARINE,M
evidence:doi:10.1007/978-3-032-19927-0_12,renewable_energy,MARITIME,T
evidence:doi:10.1007/978-3-032-19927-0_37,coastal_tourism,OCEANIC,O
evidence:doi:10.1007/978-3-032-19927-0_75,r_i,OCEANIC,O
evidence:doi:10.1007/978-3-032-19927-0_88,r_i,OCEANIC,O
evidence:doi:10.1007/978-3-032-19927-0_93,maritime_defence,MARITIME,T
evidence:doi:10.1007/978-3-032-25364-4_4,maritime_defence,MARITIME,T
evidence:doi:10.1007/978-3-319-77878-5_23,maritime_defence,OCEANIC,O
evidence:doi:10.1007/978-3-319-94532-3_44,blue_biotech,MARINE,M
evidence:doi:10.1007/978-3-319-95711-1_17,port_activities,MARITIME,T
evidence:doi:10.1007/978-3-658-37182-1_2,infra_robotics,MARITIME,T
evidence:doi:10.1007/978-981-10-6946-8_239,maritime_transport,MARITIME,T
evidence:doi:10.1007/978-981-19-4790-2_5,blue_biotech,OCEANIC,O
evidence:doi:10.1007/978-981-95-1169-3_38,maritime_defence,MARITIME,T
evidence:doi:10.1007/978-981-95-3978-9_18,maritime_transport,MARITIME,T
evidence:doi:10.1007/978-981-96-5412-3_1,non_living_res,MARINE,M
evidence:doi:10.1007/978-981-96-5412-3_7,non_living_res,MARINE,M
evidence:doi:10.1007/978-981-96-5435-2_18,renewable_energy,MARITIME,T
evidence:doi:10.1007/978-981-96-8101-3_13,maritime_defence,MARITIME,T
evidence:doi:10.1007/978-981-97-0987-8_39,blue_biotech,MARINE,M
evidence:doi:10.1007/978-981-97-5914-9_9,blue_biotech,MARINE,M
evidence:doi:10.1007/978-981-97-8483-7_1,blue_biotech,MARINE,M
evidence:doi:10.1007/978-981-97-8966-5_9,blue_biotech,MARINE,M
evidence:doi:10.1007/978-981-99-0252-1_13,renewable_energy,MARITIME,T
evidence:doi:10.1007/978-981-99-0252-1_5,desalination,HYDRONIZATION,H
evidence:doi:10.1007/s00267-025-02282-3,renewable_energy,MARITIME,T
evidence:doi:10.1007/s10499-020-00560-x,living_res,MARINE,M
evidence:doi:10.1007/s10772-025-10200-5,coastal_tourism,OCEANIC,O
evidence:doi:10.1007/s11160-026-10044-5,living_res,MARINE,M
evidence:doi:10.1007/s11269-025-04419-9,desalination,HYDRONIZATION,H
evidence:doi:10.1007/s11356-024-32205-4,maritime_transport,MARITIME,T
evidence:doi:10.1007/s11804-025-00631-6,renewable_energy,MARITIME,T
evidence:doi:10.1007/s11852-026-01216-3,living_res,MARINE,M
evidence:doi:10.1007/s12210-024-01225-0,port_activities,MARITIME,T
evidence:doi:10.1007/s13280-025-02302-w,living_res,MARINE,M
evidence:doi:10.1007/s13437-025-00368-7,maritime_defence,MARITIME,T
evidence:doi:10.1007/s13437-026-00428-6,port_activities,MARITIME,T
evidence:doi:10.1007/s40152-020-00163-5,blue_biotech,OCEANIC,O
evidence:doi:10.1007/s40152-026-00485-w,living_res,MARINE,M
evidence:doi:10.1007/s40722-026-00500-6,port_activities,MARITIME,T
evidence:doi:10.1007/s40825-026-00285-y,maritime_transport,MARITIME,T
evidence:doi:10.1007/s42452-021-04451-5,infra_robotics,MARITIME,T
evidence:doi:10.1007/s43069-025-00579-x,port_activities,MARITIME,T
evidence:doi:10.1007/s43621-025-01953-9,r_i,OCEANIC,O
evidence:doi:10.1007/s44289-026-00140-6,living_res,MARINE,M
evidence:doi:10.1007/s44312-025-00059-0,ship_repair,OCEANIC,O
evidence:doi:10.1016/b978-0-12-819134-7.00004-6,infra_robotics,MARITIME,T
evidence:doi:10.1016/b978-0-12-819727-1.00168-0,renewable_energy,MARITIME,T
evidence:doi:10.1016/b978-0-12-821056-7.00003-2,living_res,MARINE,M
evidence:doi:10.1016/b978-0-12-821431-2.00002-0,r_i,OCEANIC,O
evidence:doi:10.1016/b978-0-12-821431-2.00007-x,r_i,OCEANIC,O
evidence:doi:10.1016/b978-0-12-821431-2.00015-9,r_i,OCEANIC,O
evidence:doi:10.1016/b978-0-12-821431-2.00022-6,r_i,OCEANIC,O
evidence:doi:10.1016/b978-0-12-821431-2.00023-8,r_i,OCEANIC,O
evidence:doi:10.1016/b978-0-12-821431-2.00032-9,r_i,OCEANIC,O
evidence:doi:10.1016/b978-0-12-821431-2.02023-0,r_i,OCEANIC,O
evidence:doi:10.1016/b978-0-12-821431-2.02027-8,r_i,OCEANIC,O
evidence:doi:10.1016/b978-0-12-821431-2.02031-x,r_i,OCEANIC,O
evidence:doi:10.1016/b978-0-12-821431-2.02032-1,r_i,OCEANIC,O
evidence:doi:10.1016/b978-0-12-821431-2.02038-2,r_i,OCEANIC,O
evidence:doi:10.1016/b978-0-323-90569-5.00002-0,blue_biotech,MARINE,M
evidence:doi:10.1016/b978-0-323-98383-9.00004-7,blue_biotech,MARINE,M
evidence:doi:10.1016/b978-0-323-99205-3.00003-1,blue_biotech,MARINE,M
evidence:doi:10.1016/b978-0-323-99205-3.00008-0,port_activities,MARITIME,T
evidence:doi:10.1016/b978-0-443-14070-9.00006-8,renewable_energy,MARITIME,T
evidence:doi:10.1016/b978-0-443-30076-9.00015-7,port_activities,MARITIME,T
evidence:doi:10.1016/b978-0-443-30076-9.00026-1,port_activities,MARITIME,T
evidence:doi:10.1016/b978-0-443-34226-4.00003-4,port_activities,MARITIME,T
evidence:doi:10.1016/c2019-0-01053-9,blue_biotech,MARINE,M
evidence:doi:10.1016/j.aaf.2021.04.002,living_res,MARINE,M
evidence:doi:10.1016/j.agwat.2025.109892,desalination,HYDRONIZATION,H
evidence:doi:10.1016/j.apenergy.2026.127424,renewable_energy,MARITIME,T
evidence:doi:10.1016/j.apenergy.2026.127516,desalination,HYDRONIZATION,H
evidence:doi:10.1016/j.aquaculture.2019.734785,living_res,MARINE,M
evidence:doi:10.1016/j.aquaculture.2025.742573,living_res,MARINE,M
evidence:doi:10.1016/j.aquaculture.2026.743678,living_res,MARINE,M
evidence:doi:10.1016/j.atech.2022.100061,living_res,MARINE,M
evidence:doi:10.1016/j.buildenv.2025.113151,maritime_transport,MARITIME,T
evidence:doi:10.1016/j.chemosphere.2025.144808,desalination,HYDRONIZATION,H
evidence:doi:10.1016/j.clet.2025.101126,desalination,HYDRONIZATION,H
evidence:doi:10.1016/j.cliser.2026.100646,infra_robotics,MARITIME,T
evidence:doi:10.1016/j.cpes.2026.06.003,infra_robotics,MARITIME,T
evidence:doi:10.1016/j.cstp.2026.101760,maritime_transport,MARITIME,T
evidence:doi:10.1016/j.cstp.2026.101897,maritime_transport,MARITIME,T
evidence:doi:10.1016/j.desal.2024.117827,desalination,HYDRONIZATION,H
evidence:doi:10.1016/j.dss.2021.113524,maritime_transport,MARITIME,T
evidence:doi:10.1016/j.ecmx.2026.102088,maritime_transport,MARITIME,T
evidence:doi:10.1016/j.ecoinf.2025.103483,r_i,OCEANIC,O
evidence:doi:10.1016/j.ecolind.2022.109049,maritime_transport,MARITIME,T
evidence:doi:10.1016/j.egyr.2023.08.091,renewable_energy,MARITIME,T
evidence:doi:10.1016/j.egyr.2025.06.053,renewable_energy,MARITIME,T
evidence:doi:10.1016/j.egyr.2026.109301,renewable_energy,MARITIME,T
evidence:doi:10.1016/j.enpol.2025.114621,renewable_energy,MARITIME,T
evidence:doi:10.1016/j.erss.2026.104714,maritime_transport,MARITIME,T
evidence:doi:10.1016/j.esg.2020.100065,ship_repair,OCEANIC,O
evidence:doi:10.1016/j.iintel.2026.100230,desalination,HYDRONIZATION,H
evidence:doi:10.1016/j.ijcip.2024.100683,maritime_defence,MARITIME,T
evidence:doi:10.1016/j.ijhydene.2026.154472,desalination,HYDRONIZATION,H
evidence:doi:10.1016/j.jclepro.2026.148640,maritime_transport,MARITIME,T
evidence:doi:10.1016/j.jenvman.2021.112697,renewable_energy,MARITIME,T
evidence:doi:10.1016/j.joitmc.2025.100664,renewable_energy,MARITIME,T
evidence:doi:10.1016/j.jrurstud.2021.01.008,living_res,MARINE,M
evidence:doi:10.1016/j.jup.2026.102173,desalination,HYDRONIZATION,H
evidence:doi:10.1016/j.marpol.2018.10.010,maritime_defence,OCEANIC,O
evidence:doi:10.1016/j.marpol.2020.104387,r_i,OCEANIC,O
evidence:doi:10.1016/j.marpol.2021.104621,maritime_transport,MARITIME,T
evidence:doi:10.1016/j.marpol.2021.104743,living_res,OCEANIC,O
evidence:doi:10.1016/j.marpol.2022.105156,maritime_defence,OCEANIC,O
evidence:doi:10.1016/j.marpol.2022.105343,non_living_res,OCEANIC,O
evidence:doi:10.1016/j.marpol.2022.105375,maritime_transport,MARITIME,T
evidence:doi:10.1016/j.marpol.2023.105737,maritime_transport,OCEANIC,O
evidence:doi:10.1016/j.marpol.2023.105958,maritime_transport,OCEANIC,O
evidence:doi:10.1016/j.marpol.2024.106043,maritime_transport,MARITIME,T
evidence:doi:10.1016/j.marpol.2024.106338,blue_biotech,MARINE,M
evidence:doi:10.1016/j.marpol.2024.106339,blue_biotech,OCEANIC,O
evidence:doi:10.1016/j.marpol.2024.106413,renewable_energy,OCEANIC,O
evidence:doi:10.1016/j.marpol.2025.106963,r_i,OCEANIC,O
evidence:doi:10.1016/j.marpol.2025.106975,port_activities,MARITIME,T
evidence:doi:10.1016/j.marpol.2025.106978,renewable_energy,MARITIME,T
evidence:doi:10.1016/j.marpol.2026.107066,maritime_defence,OCEANIC,O
evidence:doi:10.1016/j.marpol.2026.107187,living_res,MARINE,M
evidence:doi:10.1016/j.marpol.2026.107202,renewable_energy,MARITIME,T
evidence:doi:10.1016/j.marpolbul.2024.116341,maritime_transport,MARITIME,T
evidence:doi:10.1016/j.marpolbul.2025.119018,living_res,MARINE,M
evidence:doi:10.1016/j.marstruc.2020.102880,renewable_energy,OCEANIC,O
evidence:doi:10.1016/j.martra.2021.100023,maritime_defence,MARITIME,T
evidence:doi:10.1016/j.martra.2022.100062,maritime_transport,MARITIME,T
evidence:doi:10.1016/j.martra.2023.100087,maritime_transport,MARITIME,T
evidence:doi:10.1016/j.martra.2024.100111,maritime_transport,MARITIME,T
evidence:doi:10.1016/j.martra.2024.100121,maritime_transport,OCEANIC,O
evidence:doi:10.1016/j.nbsj.2026.100357,living_res,MARINE,M
evidence:doi:10.1016/j.nexus.2026.100673,desalination,HYDRONIZATION,H
evidence:doi:10.1016/j.oceaneng.2022.111485,infra_robotics,MARITIME,T
evidence:doi:10.1016/j.oceaneng.2022.113322,renewable_energy,MARITIME,T
evidence:doi:10.1016/j.oceaneng.2025.122797,maritime_defence,MARITIME,T
evidence:doi:10.1016/j.ocecoaman.2020.105176,blue_biotech,OCEANIC,O
evidence:doi:10.1016/j.ocecoaman.2020.105207,blue_biotech,MARINE,M
evidence:doi:10.1016/j.ocecoaman.2022.106047,coastal_tourism,OCEANIC,O
evidence:doi:10.1016/j.ocecoaman.2023.106513,renewable_energy,MARITIME,T
evidence:doi:10.1016/j.ocecoaman.2023.106720,maritime_transport,MARITIME,T
evidence:doi:10.1016/j.ocecoaman.2024.107128,coastal_tourism,OCEANIC,O
evidence:doi:10.1016/j.ocecoaman.2024.107325,coastal_tourism,OCEANIC,O
evidence:doi:10.1016/j.ocecoaman.2025.107698,maritime_defence,MARITIME,T
evidence:doi:10.1016/j.ocecoaman.2025.107857,maritime_defence,MARITIME,T
evidence:doi:10.1016/j.ocecoaman.2026.108145,r_i,OCEANIC,O
evidence:doi:10.1016/j.ocecoaman.2026.108170,renewable_energy,MARITIME,T
evidence:doi:10.1016/j.oneear.2024.02.009,renewable_energy,MARITIME,T
evidence:doi:10.1016/j.renene.2021.11.124,renewable_energy,MARITIME,T
evidence:doi:10.1016/j.renene.2023.04.127,renewable_energy,MARITIME,T
evidence:doi:10.1016/j.renene.2023.119819,renewable_energy,MARITIME,T
evidence:doi:10.1016/j.renene.2024.120660,desalination,HYDRONIZATION,H
evidence:doi:10.1016/j.renene.2025.123616,renewable_energy,MARITIME,T
evidence:doi:10.1016/j.renene.2025.123657,renewable_energy,MARITIME,T
evidence:doi:10.1016/j.renene.2025.125000,renewable_energy,MARITIME,T
evidence:doi:10.1016/j.resourpol.2023.104331,maritime_defence,MARITIME,T
evidence:doi:10.1016/j.ress.2025.111537,port_activities,MARITIME,T
evidence:doi:10.1016/j.robot.2022.104096,infra_robotics,MARITIME,T
evidence:doi:10.1016/j.robot.2024.104910,infra_robotics,MARITIME,T
evidence:doi:10.1016/j.robot.2025.105186,infra_robotics,MARITIME,T
evidence:doi:10.1016/j.robot.2026.105570,infra_robotics,MARITIME,T
evidence:doi:10.1016/j.robot.2026.105603,desalination,HYDRONIZATION,H
evidence:doi:10.1016/j.rser.2022.112307,renewable_energy,MARITIME,T
evidence:doi:10.1016/j.rser.2024.114761,renewable_energy,MARITIME,T
evidence:doi:10.1016/j.rser.2025.116189,renewable_energy,MARITIME,T
evidence:doi:10.1016/j.rser.2025.116304,renewable_energy,MARITIME,T
evidence:doi:10.1016/j.rsma.2024.103997,renewable_energy,MARITIME,T
evidence:doi:10.1016/j.seta.2026.105209,desalination,HYDRONIZATION,H
evidence:doi:10.1016/j.softx.2023.101426,infra_robotics,MARITIME,T
evidence:doi:10.1016/j.ssci.2022.105778,non_living_res,MARINE,M
evidence:doi:10.1016/j.technovation.2026.103479,infra_robotics,MARITIME,T
evidence:doi:10.1016/j.tibtech.2026.06.017,blue_biotech,OCEANIC,O
evidence:doi:10.1016/j.tmp.2021.100890,coastal_tourism,OCEANIC,O
evidence:doi:10.1016/j.tourman.2021.104380,coastal_tourism,OCEANIC,O
evidence:doi:10.1016/j.tranpol.2021.09.005,maritime_transport,MARITIME,T
evidence:doi:10.1016/j.tranpol.2026.104031,maritime_transport,MARITIME,T
evidence:doi:10.1016/j.tranpol.2026.104268,port_activities,MARITIME,T
evidence:doi:10.1016/j.trd.2026.105379,port_activities,MARITIME,T
evidence:doi:10.1016/j.tre.2025.104459,port_activities,MARITIME,T
evidence:doi:10.1016/j.tre.2026.105001,maritime_transport,MARITIME,T
evidence:doi:10.1016/j.trechm.2026.01.001,desalination,HYDRONIZATION,H
evidence:doi:10.1016/j.trip.2025.101796,port_activities,MARITIME,T
evidence:doi:10.1016/j.wri.2023.100225,desalination,HYDRONIZATION,H
evidence:doi:10.1017/9781009024471.018,ship_repair,OCEANIC,O
evidence:doi:10.1017/9781009760171.007,maritime_transport,MARITIME,T
evidence:doi:10.1017/9781108502238.010,port_activities,OCEANIC,O
evidence:doi:10.1017/9781108502238.011,blue_biotech,OCEANIC,O
evidence:doi:10.1017/9781108502238.019,blue_biotech,OCEANIC,O
evidence:doi:10.1017/cbp.2023.2,infra_robotics,MARITIME,T
evidence:doi:10.1017/s1355770x2610045x,living_res,MARINE,M
evidence:doi:10.1038/s41545-025-00484-0,desalination,HYDRONIZATION,H
evidence:doi:10.1038/s43016-020-0127-5,living_res,MARINE,M
evidence:doi:10.1049/csy2.12110,infra_robotics,MARITIME,T
evidence:doi:10.1051/bioconf/202518506001,r_i,OCEANIC,O
evidence:doi:10.1057/s41254-025-00417-1,maritime_defence,MARITIME,T
evidence:doi:10.1057/s41278-025-00333-4,port_activities,MARITIME,T
evidence:doi:10.1057/s41599-025-04556-x,coastal_tourism,OCEANIC,O
evidence:doi:10.1061/9780784484401.014,port_activities,MARITIME,T
evidence:doi:10.1079/9781800628441.0001,coastal_tourism,OCEANIC,O
evidence:doi:10.1079/9781800628441.0008,coastal_tourism,OCEANIC,O
evidence:doi:10.1079/9781800628441.0012,coastal_tourism,OCEANIC,O
evidence:doi:10.1080/01431161.2026.2612908,r_i,OCEANIC,O
evidence:doi:10.1080/01441647.2022.2036864,maritime_transport,MARITIME,T
evidence:doi:10.1080/03075079.2019.1637845,blue_biotech,MARINE,M
evidence:doi:10.1080/08920753.2019.1564958,living_res,MARINE,M
evidence:doi:10.1080/08920753.2026.2647527,maritime_transport,MARITIME,T
evidence:doi:10.1080/09662839.2023.2248001,maritime_defence,MARITIME,T
evidence:doi:10.1080/09669582.2020.1864386,coastal_tourism,OCEANIC,O
evidence:doi:10.1080/13563467.2021.1967909,non_living_res,OCEANIC,O
evidence:doi:10.1080/14751798.2026.2695480,maritime_defence,MARITIME,T
evidence:doi:10.1080/18366503.2022.2065115,ship_repair,OCEANIC,O
evidence:doi:10.1080/19415257.2025.2593891,blue_biotech,MARINE,M
evidence:doi:10.1080/27525783.2025.2566349,desalination,HYDRONIZATION,H
evidence:doi:10.1088/1755-1315/1552/1/012039,renewable_energy,MARITIME,T
evidence:doi:10.1088/1755-1315/1559/1/012033,port_activities,MARITIME,T
evidence:doi:10.1088/1755-1315/1559/1/012039,port_activities,MARITIME,T
evidence:doi:10.1088/1755-1315/1566/1/012020,port_activities,MARITIME,T
evidence:doi:10.1089/genbio.2022.29047.thu,blue_biotech,MARINE,M
evidence:doi:10.1093/icesjms/fsag037,living_res,MARINE,M
evidence:doi:10.1093/inteam/vjag035,living_res,MARINE,M
evidence:doi:10.1108/978-1-80592-212-420261002,r_i,OCEANIC,O
evidence:doi:10.1108/jhti-09-2025-1067,coastal_tourism,OCEANIC,O
evidence:doi:10.1108/oxan-db283126,non_living_res,MARINE,M
evidence:doi:10.1108/raf-04-2025-0154,r_i,OCEANIC,O
evidence:doi:10.1108/s2055-364120220000045005,blue_biotech,MARINE,M
evidence:doi:10.1109/access.2026.3681514,port_activities,MARITIME,T
evidence:doi:10.1109/aectsd65988.2025.11411208,blue_biotech,MARINE,M
evidence:doi:10.1109/aiiot58121.2023.10174376,desalination,HYDRONIZATION,H
evidence:doi:10.1109/airc64931.2025.11077478,infra_robotics,MARITIME,T
evidence:doi:10.1109/csr64739.2025.11130142,ship_repair,MARITIME,T
evidence:doi:10.1109/educon62633.2025.11016646,maritime_defence,MARITIME,T
evidence:doi:10.1109/educon67543.2026.11574315,desalination,HYDRONIZATION,H
evidence:doi:10.1109/icarsc49921.2020.9096097,infra_robotics,MARITIME,T
evidence:doi:10.1109/icces67310.2025.11337219,desalination,HYDRONIZATION,H
evidence:doi:10.1109/iccps61052.2024.00032,infra_robotics,MARITIME,T
evidence:doi:10.1109/iccworkshops57953.2023.10283756,infra_robotics,MARITIME,T
evidence:doi:10.1109/icgeps69938.2026.11522248,renewable_energy,MARITIME,T
evidence:doi:10.1109/icgs3.2019.8688144,blue_biotech,MARINE,M
evidence:doi:10.1109/icic54025.2021.9632913,coastal_tourism,OCEANIC,O
evidence:doi:10.1109/iciccs67901.2026.11503012,blue_biotech,MARINE,M
evidence:doi:10.1109/icma49215.2020.9233797,r_i,OCEANIC,O
evidence:doi:10.1109/icoici65217.2025.11252815,infra_robotics,MARITIME,T
evidence:doi:10.1109/icoici65217.2025.11254508,infra_robotics,MARITIME,T
evidence:doi:10.1109/icoiics67115.2025.11390178,port_activities,MARITIME,T
evidence:doi:10.1109/icoiics67115.2025.11390394,desalination,HYDRONIZATION,H
evidence:doi:10.1109/icps49255.2021.9468193,infra_robotics,MARITIME,T
evidence:doi:10.1109/icps65515.2025.11087909,infra_robotics,MARITIME,T
evidence:doi:10.1109/icsccc69031.2026.11600058,infra_robotics,MARITIME,T
evidence:doi:10.1109/icsrs63046.2024.10927556,non_living_res,MARINE,M
evidence:doi:10.1109/iditr57726.2023.10145939,infra_robotics,MARITIME,T
evidence:doi:10.1109/iotais67227.2025.11282133,non_living_res,MARINE,M
evidence:doi:10.1109/isas59543.2023.10164352,infra_robotics,MARITIME,T
evidence:doi:10.1109/ispacs68724.2025.11383172,desalination,HYDRONIZATION,H
evidence:doi:10.1109/isriti68345.2025.11393219,port_activities,MARITIME,T
evidence:doi:10.1109/joe.2018.2868488,infra_robotics,OCEANIC,O
evidence:doi:10.1109/joe.2019.2899541,infra_robotics,OCEANIC,O
evidence:doi:10.1109/joe.2023.3296836,ship_repair,OCEANIC,O
evidence:doi:10.1109/joe.2025.3527081,infra_robotics,OCEANIC,O
evidence:doi:10.1109/lars/sbr/wre59448.2023.10332996,infra_robotics,MARITIME,T
evidence:doi:10.1109/metrosea58055.2023.10317565,infra_robotics,MARITIME,T
evidence:doi:10.1109/mic.2021.3065245,r_i,OCEANIC,O
evidence:doi:10.1109/oceans47191.2022.9977104,infra_robotics,MARITIME,T
evidence:doi:10.1109/oceans51537.2024.10682241,infra_robotics,MARITIME,T
evidence:doi:10.1109/oceans55160.2024.10754202,maritime_defence,MARITIME,T
evidence:doi:10.1109/oceans58557.2025.11104555,r_i,OCEANIC,O
evidence:doi:10.1109/oceans58557.2025.11104725,r_i,OCEANIC,O
evidence:doi:10.1109/oceanse.2019.8867089,infra_robotics,MARITIME,T
evidence:doi:10.1109/oceanslimerick52467.2023.10244492,ship_repair,MARITIME,T
evidence:doi:10.1109/ojits.2025.3562504,infra_robotics,MARITIME,T
evidence:doi:10.1109/sbmicro64348.2024.10673875,blue_biotech,MARINE,M
evidence:doi:10.1109/sose62659.2024.10620933,renewable_energy,MARITIME,T
evidence:doi:10.1109/te.2024.3486016,coastal_tourism,OCEANIC,O
evidence:doi:10.1111/beer.12678/v1/review1,living_res,MARINE,M
evidence:doi:10.1111/geoj.70089,living_res,MARINE,M
evidence:doi:10.1115/iowtc2023-119374,renewable_energy,MARITIME,T
evidence:doi:10.1115/iowtc2025-164342,renewable_energy,MARITIME,T
evidence:doi:10.1115/iowtc2025-164947,renewable_energy,MARITIME,T
evidence:doi:10.1115/iowtc2025-165461,renewable_energy,MARITIME,T
evidence:doi:10.1115/iowtc2025-167883,renewable_energy,MARITIME,T
evidence:doi:10.1115/omae2022-79613,port_activities,MARITIME,T
evidence:doi:10.1115/omae2023-100626,maritime_defence,MARITIME,T
evidence:doi:10.1115/omae2023-101859,renewable_energy,MARITIME,T
evidence:doi:10.1115/omae2023-103740,infra_robotics,MARITIME,T
evidence:doi:10.1115/omae2024-122628,maritime_defence,MARITIME,T
evidence:doi:10.1115/omae2024-124269,renewable_energy,MARITIME,T
evidence:doi:10.1115/omae2024-126223,renewable_energy,MARITIME,T
evidence:doi:10.1117/12.3057755,renewable_energy,MARITIME,T
evidence:doi:10.1126/science.aei7769,non_living_res,MARINE,M
evidence:doi:10.1128/spectrum.01948-25,renewable_energy,MARITIME,T
evidence:doi:10.1142/9789819831241_0007,maritime_defence,MARITIME,T
evidence:doi:10.1145/3706468.3706518,blue_biotech,MARINE,M
evidence:doi:10.1145/3787330.3787337,port_activities,MARITIME,T
evidence:doi:10.1145/3804504.3804534,port_activities,MARITIME,T
evidence:doi:10.11591/ijere.v8i3.17591,r_i,OCEANIC,O
evidence:doi:10.1163/15718085-bja10088,maritime_transport,MARITIME,T
evidence:doi:10.1163/21971927-bja10053,ship_repair,OCEANIC,O
evidence:doi:10.1163/22116001-03701005,r_i,OCEANIC,O
evidence:doi:10.1163/22116001-03701015,port_activities,OCEANIC,O
evidence:doi:10.1163/22116001-03701016,maritime_transport,OCEANIC,O
evidence:doi:10.1163/9789004380271_045,r_i,OCEANIC,O
evidence:doi:10.1163/9789004380271_092,blue_biotech,OCEANIC,O
evidence:doi:10.1163/9789004389908_004,maritime_defence,OCEANIC,O
evidence:doi:10.1163/9789004391567_013,blue_biotech,MARINE,M
evidence:doi:10.1163/9789004503410_004,port_activities,OCEANIC,O
evidence:doi:10.1163/9789004508750_003,renewable_energy,MARITIME,T
evidence:doi:10.1163/9789004513488_037,blue_biotech,MARINE,M
evidence:doi:10.11647/obp.0395.10,living_res,OCEANIC,O
evidence:doi:10.1177/00375497231184246,infra_robotics,MARITIME,T
evidence:doi:10.1177/01622439241279622,maritime_transport,MARITIME,T
evidence:doi:10.1177/10482911231173330,desalination,HYDRONIZATION,H
evidence:doi:10.1177/13548166231185897,coastal_tourism,OCEANIC,O
evidence:doi:10.1177/2055207620985396,blue_biotech,MARINE,M
evidence:doi:10.1186/s13705-019-0209-0,renewable_energy,MARITIME,T
evidence:doi:10.1186/s41072-026-00234-6,port_activities,MARITIME,T
evidence:doi:10.1200/acon.22.00140,coastal_tourism,OCEANIC,O
evidence:doi:10.1201/9780203748077-19,ship_repair,OCEANIC,O
evidence:doi:10.1201/9781003024613-15,renewable_energy,MARITIME,T
evidence:doi:10.1201/9781003035978-3,coastal_tourism,OCEANIC,O
evidence:doi:10.1201/9781003190134-8,infra_robotics,MARITIME,T
evidence:doi:10.1201/9781003288169-7,infra_robotics,MARITIME,T
evidence:doi:10.1201/9781003338796-1,coastal_tourism,OCEANIC,O
evidence:doi:10.1201/9781003385592-10,coastal_tourism,OCEANIC,O
evidence:doi:10.1201/9781003395416-12,blue_biotech,MARINE,M
evidence:doi:10.1201/9781003395416-16,blue_biotech,MARINE,M
evidence:doi:10.1201/9781003395416-4,blue_biotech,MARINE,M
evidence:doi:10.1201/9781003395416-6,blue_biotech,MARINE,M
evidence:doi:10.1201/9781003395416-8,blue_biotech,MARINE,M
evidence:doi:10.1201/9781003395416-9,blue_biotech,MARINE,M
evidence:doi:10.1201/9781003406105-4,infra_robotics,MARITIME,T
evidence:doi:10.1201/9781003492146-18,blue_biotech,MARINE,M
evidence:doi:10.1201/9781003500391-7,port_activities,MARITIME,T
evidence:doi:10.1201/9781003500667-20,coastal_tourism,OCEANIC,O
evidence:doi:10.1201/9781003519423-11,non_living_res,MARINE,M
evidence:doi:10.1201/9781003528982-18,infra_robotics,MARITIME,T
evidence:doi:10.1201/9781003638308-34,blue_biotech,MARINE,M
evidence:doi:10.1201/9781003638308-4,blue_biotech,MARINE,M
evidence:doi:10.1201/9781003671039-8,renewable_energy,MARITIME,T
evidence:doi:10.1201/9781003672500-7,port_activities,MARITIME,T
evidence:doi:10.1201/9781003712701-23,port_activities,MARITIME,T
evidence:doi:10.1201/9781003790730-21,blue_biotech,MARINE,M
evidence:doi:10.1201/9781003790730-74,blue_biotech,MARINE,M
evidence:doi:10.12429/j.advps.2025.0001,maritime_transport,MARITIME,T
evidence:doi:10.12429/j.advps.2025.0010,blue_biotech,MARINE,M
evidence:doi:10.12688/digitaltwin.17918.1,ship_repair,MARITIME,T
evidence:doi:10.12688/f1000research.176261.2,port_activities,MARITIME,T
evidence:doi:10.12688/f1000research.176456.1,maritime_transport,OCEANIC,O
evidence:doi:10.12688/openreseurope.14083.1,blue_biotech,MARINE,M
evidence:doi:10.12716/1001.13.03.17,maritime_defence,OCEANIC,O
evidence:doi:10.12716/1001.20.02.16,maritime_defence,OCEANIC,O
evidence:doi:10.12783/shm2021/36329,desalination,HYDRONIZATION,H
evidence:doi:10.12783/shm2023/36801,renewable_energy,MARITIME,T
evidence:doi:10.12783/shm2023/36802,renewable_energy,MARITIME,T
evidence:doi:10.13057/biodiv/d270140,living_res,MARINE,M
evidence:doi:10.13057/biodiv/d270513,living_res,MARINE,M
evidence:doi:10.1364/ofc.2025.w4g.1,desalination,HYDRONIZATION,H
evidence:doi:10.14207/ejsd.2022.v11n1p101,renewable_energy,MARITIME,T
evidence:doi:10.14293/ffl26.000007.v1,coastal_tourism,OCEANIC,O
evidence:doi:10.14742/apubs.2019.328,coastal_tourism,OCEANIC,O
evidence:doi:10.14742/apubs.2022.198,coastal_tourism,OCEANIC,O
evidence:doi:10.1504/ijosm.2026.154033,renewable_energy,MARITIME,T
evidence:doi:10.1504/ijstl.2025.149594,maritime_transport,MARITIME,T
evidence:doi:10.1504/ijstl.2026.10076003,port_activities,MARITIME,T
evidence:doi:10.1515/9781773852508-013,port_activities,OCEANIC,O
evidence:doi:10.1515/9783112223062-010,non_living_res,MARINE,M
evidence:doi:10.1515/9789048554805-009,renewable_energy,OCEANIC,O
evidence:doi:10.15294/ildisea.v2i2.78310,maritime_transport,MARITIME,T
evidence:doi:10.15379/ijmst.v10i2.1169,port_activities,MARITIME,T
evidence:doi:10.15405/epsbs.2019.08.03.1,blue_biotech,MARINE,M
evidence:doi:10.1596/35476,coastal_tourism,OCEANIC,O
evidence:doi:10.17265/2328-2134/2023.02.001,maritime_defence,OCEANIC,O
evidence:doi:10.17509/curricula.v4i2.87174,maritime_defence,MARITIME,T
evidence:doi:10.17645/oas.11542,blue_biotech,OCEANIC,O
evidence:doi:10.17645/pag.v9i2.3892,renewable_energy,OCEANIC,O
evidence:doi:10.17645/up.10043,infra_robotics,MARITIME,T
evidence:doi:10.17770/etr2024vol4.8224,maritime_defence,MARITIME,T
evidence:doi:10.17818/nm/2026/1.1,port_activities,MARITIME,T
evidence:doi:10.1787/0be96df9-en,desalination,HYDRONIZATION,H
evidence:doi:10.1787/12e6bf3e-en,coastal_tourism,OCEANIC,O
evidence:doi:10.1787/5fa2c770-en,living_res,MARINE,M
evidence:doi:10.1787/6e46e845-en,coastal_tourism,OCEANIC,O
evidence:doi:10.1787/a41f148b-en,blue_biotech,MARINE,M
evidence:doi:10.1787/aa270ff4-en,coastal_tourism,OCEANIC,O
evidence:doi:10.1787/e362c609-en,coastal_tourism,OCEANIC,O
evidence:doi:10.1787/f14ef041-en,desalination,HYDRONIZATION,H
evidence:doi:10.18178/ijesd.2026.17.3.1581,non_living_res,MARINE,M
evidence:doi:10.18280/ijsse.150606,maritime_transport,MARITIME,T
evidence:doi:10.18332/popmed/164386,port_activities,MARITIME,T
evidence:doi:10.18690/um.fov.4.2024,blue_biotech,MARINE,M
evidence:doi:10.18690/um.fov.4.2024.11,blue_biotech,MARINE,M
evidence:doi:10.18690/um.fov.4.2024.16,living_res,MARINE,M
evidence:doi:10.18690/um.fov.4.2024.19,living_res,MARINE,M
evidence:doi:10.18690/um.fov.4.2024.2,living_res,MARINE,M
evidence:doi:10.18690/um.fov.4.2024.21,blue_biotech,MARINE,M
evidence:doi:10.18690/um.fov.4.2024.22,blue_biotech,MARINE,M
evidence:doi:10.18690/um.fov.4.2024.28,living_res,MARINE,M
evidence:doi:10.18690/um.fov.4.2024.39,blue_biotech,MARINE,M
evidence:doi:10.18690/um.fov.4.2024.42,desalination,HYDRONIZATION,H
evidence:doi:10.18690/um.fov.4.2024.44,living_res,MARINE,M
evidence:doi:10.18690/um.fov.4.2024.50,blue_biotech,MARINE,M
evidence:doi:10.18690/um.fov.4.2024.51,blue_biotech,MARINE,M
evidence:doi:10.18690/um.fov.4.2024.52,living_res,MARINE,M
evidence:doi:10.18690/um.fov.4.2024.8,living_res,MARINE,M
evidence:doi:10.18820/9781991201072/04,port_activities,OCEANIC,O
evidence:doi:10.20319/pijtel.2021.43.6276,blue_biotech,MARINE,M
evidence:doi:10.20527/jmscedu.v4i1.10824,r_i,OCEANIC,O
evidence:doi:10.20869/auditf/2026/182/012,blue_biotech,MARINE,M
evidence:doi:10.20944/preprints202211.0429.v1,r_i,OCEANIC,O
evidence:doi:10.20944/preprints202303.0135.v1,infra_robotics,MARITIME,T
evidence:doi:10.20944/preprints202311.0412.v1,maritime_defence,OCEANIC,O
evidence:doi:10.20944/preprints202403.0749.v1,renewable_energy,MARITIME,T
evidence:doi:10.20944/preprints202404.0392.v1,coastal_tourism,OCEANIC,O
evidence:doi:10.20944/preprints202405.1267.v1,renewable_energy,OCEANIC,O
evidence:doi:10.20944/preprints202507.2034.v1,blue_biotech,MARINE,M
evidence:doi:10.20944/preprints202508.0708.v1,r_i,OCEANIC,O
evidence:doi:10.20944/preprints202509.1572.v1,r_i,OCEANIC,O
evidence:doi:10.20944/preprints202601.2047.v1,r_i,OCEANIC,O
evidence:doi:10.20944/preprints202602.0130.v1,coastal_tourism,OCEANIC,O
evidence:doi:10.20944/preprints202604.1005.v1,non_living_res,MARINE,M
evidence:doi:10.21070/halaqa.v4i2.1088,maritime_defence,MARITIME,T
evidence:doi:10.21125/edulearn.2025.1050,blue_biotech,MARINE,M
evidence:doi:10.21125/inted.2025.0901,blue_biotech,MARINE,M
evidence:doi:10.2118/221957-ms,blue_biotech,MARINE,M
evidence:doi:10.2118/222362-ms,maritime_transport,MARITIME,T
evidence:doi:10.2118/224646-ms,maritime_transport,MARITIME,T
evidence:doi:10.21203/rs.3.rs-10000542/v1,port_activities,MARITIME,T
evidence:doi:10.21203/rs.3.rs-10227456/v1,infra_robotics,MARITIME,T
evidence:doi:10.21203/rs.3.rs-9105998/v1,port_activities,MARITIME,T
evidence:doi:10.21203/rs.3.rs-9193681/v1,infra_robotics,MARITIME,T
evidence:doi:10.21275/sr24810083031,non_living_res,MARINE,M
evidence:doi:10.2139/ssrn.4349123,ship_repair,MARITIME,T
evidence:doi:10.2139/ssrn.4726907,renewable_energy,MARITIME,T
evidence:doi:10.2139/ssrn.4769129,renewable_energy,OCEANIC,O
evidence:doi:10.2139/ssrn.4830318,non_living_res,OCEANIC,O
evidence:doi:10.2139/ssrn.4878341,living_res,MARINE,M
evidence:doi:10.2139/ssrn.5042173,port_activities,MARITIME,T
evidence:doi:10.2139/ssrn.5042420,blue_biotech,MARINE,M
evidence:doi:10.2139/ssrn.5065854,renewable_energy,MARITIME,T
evidence:doi:10.2139/ssrn.5162628,coastal_tourism,OCEANIC,O
evidence:doi:10.2139/ssrn.5288285,blue_biotech,MARINE,M
evidence:doi:10.2139/ssrn.5288295,infra_robotics,MARITIME,T
evidence:doi:10.2139/ssrn.5291572,maritime_transport,MARITIME,T
evidence:doi:10.2139/ssrn.5403904,blue_biotech,OCEANIC,O
evidence:doi:10.2139/ssrn.5409572,maritime_transport,OCEANIC,O
evidence:doi:10.2139/ssrn.5511996,port_activities,MARITIME,T
evidence:doi:10.2139/ssrn.5518717,maritime_defence,MARITIME,T
evidence:doi:10.2139/ssrn.5558800,desalination,HYDRONIZATION,H
evidence:doi:10.2139/ssrn.5624461,desalination,HYDRONIZATION,H
evidence:doi:10.2139/ssrn.5736697,renewable_energy,OCEANIC,O
evidence:doi:10.2139/ssrn.5940971,port_activities,MARITIME,T
evidence:doi:10.2139/ssrn.6066246,blue_biotech,OCEANIC,O
evidence:doi:10.2139/ssrn.6182879,blue_biotech,MARINE,M
evidence:doi:10.2139/ssrn.6394601,blue_biotech,MARINE,M
evidence:doi:10.2139/ssrn.6437527,coastal_tourism,OCEANIC,O
evidence:doi:10.2139/ssrn.6506258,non_living_res,MARINE,M
evidence:doi:10.2139/ssrn.6568991,living_res,MARINE,M
evidence:doi:10.2139/ssrn.6583598,port_activities,MARITIME,T
evidence:doi:10.2139/ssrn.6644483,desalination,HYDRONIZATION,H
evidence:doi:10.2139/ssrn.6729923,blue_biotech,MARINE,M
evidence:doi:10.2139/ssrn.6809018,non_living_res,MARINE,M
evidence:doi:10.2139/ssrn.6816418,coastal_tourism,OCEANIC,O
evidence:doi:10.2139/ssrn.6956978,infra_robotics,MARITIME,T
evidence:doi:10.2139/ssrn.6957419,blue_biotech,MARINE,M
evidence:doi:10.2139/ssrn.6978718,non_living_res,MARINE,M
evidence:doi:10.2139/ssrn.7032503,maritime_transport,MARITIME,T
evidence:doi:10.21608/ejabf.2026.512204,r_i,OCEANIC,O
evidence:doi:10.21622/marlog.2026.15.1.103,infra_robotics,MARITIME,T
evidence:doi:10.21622/marlog.2026.15.1.49,renewable_energy,OCEANIC,O
evidence:doi:10.21669/tomo.v44.23684,coastal_tourism,OCEANIC,O
evidence:doi:10.2172/1893828,renewable_energy,MARITIME,T
evidence:doi:10.2172/2205013,infra_robotics,MARITIME,T
evidence:doi:10.2172/2205017,infra_robotics,MARITIME,T
evidence:doi:10.2172/2331253,desalination,HYDRONIZATION,H
evidence:doi:10.21776/ub.ecsofim.2025.013.01.04,living_res,MARINE,M
evidence:doi:10.21821/2309-5180-2020-12-5-877-883,desalination,OCEANIC,O
evidence:doi:10.21832/9781836460114-008,coastal_tourism,OCEANIC,O
evidence:doi:10.21956/digitaltwin.19208.r28026,ship_repair,MARITIME,T
evidence:doi:10.21956/openreseurope.15181.r28442,coastal_tourism,OCEANIC,O
evidence:doi:10.22381/rcp2220236,maritime_defence,MARITIME,T
evidence:doi:10.22492/issn.2186-5892.2025.130,r_i,OCEANIC,O
evidence:doi:10.22495/jgrv14i4siart17,port_activities,MARITIME,T
evidence:doi:10.2307/j.ctv1z3hkmp.15,port_activities,OCEANIC,O
evidence:doi:10.2307/j.ctv2z6qdv5.8,desalination,HYDRONIZATION,H
evidence:doi:10.2307/jj.38191935.11,maritime_transport,MARITIME,T
evidence:doi:10.2307/jj.38191935.13,maritime_transport,MARITIME,T
evidence:doi:10.23919/oceans44145.2021.9706018,renewable_energy,MARITIME,T
evidence:doi:10.23919/oceans44145.2021.9706122,infra_robotics,MARITIME,T
evidence:doi:10.23919/oceans59106.2025.11245121,r_i,OCEANIC,O
evidence:doi:10.23977/avte.2026.080115,blue_biotech,MARINE,M
evidence:doi:10.23977/ceed.2019.002,blue_biotech,MARINE,M
evidence:doi:10.23977/curtm.2024.071001,blue_biotech,MARINE,M
evidence:doi:10.23977/mastic.002,infra_robotics,MARITIME,T
evidence:doi:10.24018/ejedu.2022.3.6.514,desalination,HYDRONIZATION,H
evidence:doi:10.24084/repqj02.238,renewable_energy,MARITIME,T
evidence:doi:10.24158/spp.2021.11.35,coastal_tourism,OCEANIC,O
evidence:doi:10.24191/ijelhe.v17n1.1718,coastal_tourism,OCEANIC,O
evidence:doi:10.24193/pedacta.10.2.7,blue_biotech,MARINE,M
evidence:doi:10.2478/gssfj-2022-0010,maritime_defence,MARITIME,T
evidence:doi:10.24815/kanun.v24i3.24230,port_activities,MARITIME,T
evidence:doi:10.2499/9780896294257_01,r_i,OCEANIC,O
evidence:doi:10.25234/pv/36881,r_i,OCEANIC,O
evidence:doi:10.26226/m.64c26777632e9539aa87d482,renewable_energy,MARITIME,T
evidence:doi:10.26226/m.679bb1dd37809895893de5c9,blue_biotech,MARINE,M
evidence:doi:10.26226/morressier.5cf632c0af72dec2b05547ad,coastal_tourism,OCEANIC,O
evidence:doi:10.26686/pq.v17i3.7129,coastal_tourism,OCEANIC,O
evidence:doi:10.26686/wgtn.12612938,coastal_tourism,OCEANIC,O
evidence:doi:10.28925/2412-0774.2025.4.4,maritime_defence,MARITIME,T
evidence:doi:10.28956/gbd.1655181,blue_biotech,OCEANIC,O
evidence:doi:10.29013/esr-21-5.6-26-31,desalination,HYDRONIZATION,H
evidence:doi:10.29119/1641-3466.2026.243.11,blue_biotech,MARINE,M
evidence:doi:10.2991/978-2-38476-301-6_12,r_i,OCEANIC,O
evidence:doi:10.2991/icoma-18.2019.67,coastal_tourism,OCEANIC,O
evidence:doi:10.30525/978-9934-26-106-0-2,maritime_defence,MARITIME,T
evidence:doi:10.30525/978-9934-588-15-0-4,maritime_defence,MARITIME,T
evidence:doi:10.3102/2196078,r_i,OCEANIC,O
evidence:doi:10.31089/1026-9428-2023-63-9-586-595,maritime_transport,MARITIME,T
evidence:doi:10.31219/osf.io/dr96y,r_i,OCEANIC,O
evidence:doi:10.31629/jmps.v3i1.7825,maritime_defence,OCEANIC,O
evidence:doi:10.31763/ijele.v3i1.93,blue_biotech,MARINE,M
evidence:doi:10.31764/ijeca.v9i1.38275,infra_robotics,MARITIME,T
evidence:doi:10.31849/t2fdj104,maritime_transport,MARITIME,T
evidence:doi:10.31871/wjrr.19.6.21,blue_biotech,MARINE,M
evidence:doi:10.31888/jkgs.2022.42.2.273,living_res,MARINE,M
evidence:doi:10.3233/ip-230015,blue_biotech,MARINE,M
evidence:doi:10.32674/4r1hwc86,blue_biotech,MARINE,M
evidence:doi:10.32687/0869-866x-2024-32-3-353-362,maritime_transport,MARITIME,T
evidence:doi:10.32743/unitech.2025.141.12.21640,non_living_res,MARINE,M
evidence:doi:10.32782/2663-6085/2025/84.1.22,coastal_tourism,OCEANIC,O
evidence:doi:10.32820/2074-8922-2020-67-44-54,infra_robotics,MARITIME,T
evidence:doi:10.32820/2074-8922-2021-70-92-101,ship_repair,MARITIME,T
evidence:doi:10.32820/2074-8922-2021-71-70-78,infra_robotics,MARITIME,T
evidence:doi:10.32923/424j4g58,living_res,MARINE,M
evidence:doi:10.32935/0023-1169-2023-640-6-19-26,blue_biotech,MARINE,M
evidence:doi:10.32935/0023-1169-2023-640-6-45-51,blue_biotech,MARINE,M
evidence:doi:10.33175/mtr.2023.261340,blue_biotech,OCEANIC,O
evidence:doi:10.33263/proceedings71.006,desalination,HYDRONIZATION,H
evidence:doi:10.3366/edinburgh/9781474487054.003.0009,blue_biotech,MARINE,M
evidence:doi:10.3366/scot.2024.0513,renewable_energy,OCEANIC,O
evidence:doi:10.33714/masteb.1337034,maritime_defence,MARITIME,T
evidence:doi:10.33815/2313-4763.2025.2.31.006-018,maritime_transport,MARITIME,T
evidence:doi:10.33863/mbmc.v3i1.3267,maritime_transport,MARITIME,T
evidence:doi:10.3389/fmars.2019.00646,r_i,OCEANIC,O
evidence:doi:10.3389/fmars.2021.648492,maritime_transport,OCEANIC,O
evidence:doi:10.3389/fmars.2022.933111,living_res,MARINE,M
evidence:doi:10.3389/fmars.2023.1075803,coastal_tourism,OCEANIC,O
evidence:doi:10.3389/fmars.2024.1297975,living_res,MARINE,M
evidence:doi:10.3389/fmars.2025.1489091,maritime_transport,MARITIME,T
evidence:doi:10.3389/fmars.2025.1648508,maritime_transport,OCEANIC,O
evidence:doi:10.3389/fmars.2025.1683006,r_i,OCEANIC,O
evidence:doi:10.3389/fmars.2025.1683017,maritime_transport,MARITIME,T
evidence:doi:10.3389/fmars.2026.1741296,r_i,OCEANIC,O
evidence:doi:10.3389/fmars.2026.1769853,living_res,MARINE,M
evidence:doi:10.3389/fmars.2026.1804712,maritime_transport,MARITIME,T
evidence:doi:10.3389/fmars.2026.1833479,blue_biotech,MARINE,M
evidence:doi:10.3389/fmars.2026.1882539,port_activities,MARITIME,T
evidence:doi:10.3389/focsu.2025.1743635,blue_biotech,OCEANIC,O
evidence:doi:10.3389/frobt.2022.949214,non_living_res,MARINE,M
evidence:doi:10.3389/frobt.2025.1655242,infra_robotics,MARITIME,T
evidence:doi:10.3389/frsc.2022.932070,ship_repair,OCEANIC,O
evidence:doi:10.3390/app13148143,coastal_tourism,OCEANIC,O
evidence:doi:10.3390/app152413135,desalination,HYDRONIZATION,H
evidence:doi:10.3390/app16126210,infra_robotics,MARITIME,T
evidence:doi:10.3390/atmos14020346,maritime_transport,MARITIME,T
evidence:doi:10.3390/drones9090605,infra_robotics,MARITIME,T
evidence:doi:10.3390/educsci11020084,infra_robotics,MARITIME,T
evidence:doi:10.3390/educsci11080378,maritime_transport,MARITIME,T
evidence:doi:10.3390/educsci16010105,infra_robotics,MARITIME,T
evidence:doi:10.3390/en18030656,renewable_energy,MARITIME,T
evidence:doi:10.3390/en19132993,renewable_energy,MARITIME,T
evidence:doi:10.3390/encyclopedia6010028,port_activities,MARITIME,T
evidence:doi:10.3390/engproc2025120006,desalination,HYDRONIZATION,H
evidence:doi:10.3390/higheredu3040064,blue_biotech,MARINE,M
evidence:doi:10.3390/jmse13030621,maritime_defence,MARITIME,T
evidence:doi:10.3390/jmse14050518,r_i,OCEANIC,O
evidence:doi:10.3390/jmse14060549,renewable_energy,MARITIME,T
evidence:doi:10.3390/jmse14090800,r_i,OCEANIC,O
evidence:doi:10.3390/jmse14131220,renewable_energy,MARITIME,T
evidence:doi:10.3390/jmse9101085,maritime_transport,MARITIME,T
evidence:doi:10.3390/knowledge6020011,coastal_tourism,OCEANIC,O
evidence:doi:10.3390/s21082664,infra_robotics,MARITIME,T
evidence:doi:10.3390/s23104581,r_i,OCEANIC,O
evidence:doi:10.3390/s24206530,r_i,OCEANIC,O
evidence:doi:10.3390/su11154223,coastal_tourism,OCEANIC,O
evidence:doi:10.3390/su11164494,coastal_tourism,OCEANIC,O
evidence:doi:10.3390/su13042297,renewable_energy,MARITIME,T
evidence:doi:10.3390/su13105533,coastal_tourism,OCEANIC,O
evidence:doi:10.3390/su13137505,blue_biotech,MARINE,M
evidence:doi:10.3390/su16020862,maritime_transport,MARITIME,T
evidence:doi:10.3390/su16145917,blue_biotech,MARINE,M
evidence:doi:10.3390/su17010155,r_i,OCEANIC,O
evidence:doi:10.3390/su17125537,port_activities,MARITIME,T
evidence:doi:10.3390/su17188368,ship_repair,MARITIME,T
evidence:doi:10.3390/su17219491,blue_biotech,MARINE,M
evidence:doi:10.3390/su172310751,r_i,OCEANIC,O
evidence:doi:10.3390/su18010370,port_activities,MARITIME,T
evidence:doi:10.3390/su18052367,renewable_energy,MARITIME,T
evidence:doi:10.3390/su18052538,r_i,OCEANIC,O
evidence:doi:10.3390/su18062770,port_activities,MARITIME,T
evidence:doi:10.3390/su18083751,port_activities,MARITIME,T
evidence:doi:10.3390/su18084038,maritime_transport,MARITIME,T
evidence:doi:10.3390/su18094302,renewable_energy,MARITIME,T
evidence:doi:10.3390/su18094485,blue_biotech,MARINE,M
evidence:doi:10.3390/su18136844,port_activities,MARITIME,T
evidence:doi:10.3390/su18147144,non_living_res,MARINE,M
evidence:doi:10.3390/su18147241,blue_biotech,MARINE,M
evidence:doi:10.3390/systems14020187,port_activities,MARITIME,T
evidence:doi:10.3390/systems14040413,port_activities,MARITIME,T
evidence:doi:10.3390/w17131897,port_activities,MARITIME,T
evidence:doi:10.33989/2075-146x.2019.24.194634,coastal_tourism,OCEANIC,O
evidence:doi:10.33989/2075-146x.2021.28.250357,blue_biotech,MARINE,M
evidence:doi:10.33989/2075-146x.2022.29.264354,blue_biotech,MARINE,M
evidence:doi:10.33989/2075-146x.2023.31.283330,blue_biotech,MARINE,M
evidence:doi:10.33989/2075-146x.2025.36.339114,coastal_tourism,OCEANIC,O
evidence:doi:10.35911/torani.v5i1.19083,coastal_tourism,OCEANIC,O
evidence:doi:10.36074/grail-of-science.15.09.2023.59,r_i,OCEANIC,O
evidence:doi:10.36227/techrxiv.173948780.04650710/v1,infra_robotics,MARITIME,T
evidence:doi:10.36227/techrxiv.176281115.50920760/v1,port_activities,MARITIME,T
evidence:doi:10.36227/techrxiv.176703996.62757261/v1,infra_robotics,MARITIME,T
evidence:doi:10.36227/techrxiv.21258102,infra_robotics,MARITIME,T
evidence:doi:10.36227/techrxiv.21710897,port_activities,MARITIME,T
evidence:doi:10.36232/jurnalbiolearning.v10i1.3643,coastal_tourism,OCEANIC,O
evidence:doi:10.36315/2025v1end044,coastal_tourism,OCEANIC,O
evidence:doi:10.36922/gti025330013,renewable_energy,MARITIME,T
evidence:doi:10.36948/ijfmr.2024.v06i03.23885,blue_biotech,MARINE,M
evidence:doi:10.36956/sms.v7i3.2239,renewable_energy,MARITIME,T
evidence:doi:10.37200/ijpr/v24i4/pr201458,maritime_transport,MARITIME,T
evidence:doi:10.3723/kplz7349,renewable_energy,OCEANIC,O
evidence:doi:10.3727/154427322x16716341745104,coastal_tourism,OCEANIC,O
evidence:doi:10.3727/216901926x17688104403804,coastal_tourism,OCEANIC,O
evidence:doi:10.37547/ijp/volume04issue12-52,desalination,HYDRONIZATION,H
evidence:doi:10.37547/ijp/volume06issue04-10,coastal_tourism,OCEANIC,O
evidence:doi:10.37680/scaffolding.v7i3.7987,infra_robotics,MARITIME,T
evidence:doi:10.37741/t.68.2.3,coastal_tourism,OCEANIC,O
evidence:doi:10.3788/cjl240621,r_i,OCEANIC,O
evidence:doi:10.3940/rina.mi.2019.07,blue_biotech,MARINE,M
evidence:doi:10.4018/978-1-6684-7791-5.ch007,infra_robotics,MARITIME,T
evidence:doi:10.4018/978-1-6684-7791-5.ch008,infra_robotics,MARITIME,T
evidence:doi:10.4018/978-1-6684-9848-4,maritime_transport,MARITIME,T
evidence:doi:10.4018/978-1-6684-9848-4.ch001,maritime_transport,MARITIME,T
evidence:doi:10.4018/978-1-6684-9848-4.ch002,maritime_transport,MARITIME,T
evidence:doi:10.4018/978-1-6684-9848-4.ch003,maritime_transport,MARITIME,T
evidence:doi:10.4018/978-1-6684-9848-4.ch005,maritime_transport,MARITIME,T
evidence:doi:10.4018/978-1-6684-9848-4.ch006,maritime_transport,MARITIME,T
evidence:doi:10.4018/978-1-6684-9848-4.ch007,maritime_transport,MARITIME,T
evidence:doi:10.4018/978-1-6684-9848-4.ch008,maritime_transport,MARITIME,T
evidence:doi:10.4018/978-1-6684-9848-4.ch009,maritime_transport,MARITIME,T
evidence:doi:10.4018/978-1-6684-9848-4.ch010,maritime_transport,MARITIME,T
evidence:doi:10.4018/978-1-6684-9848-4.ch011,maritime_transport,MARITIME,T
evidence:doi:10.4018/978-1-7998-1522-8.ch003,coastal_tourism,OCEANIC,O
evidence:doi:10.4018/978-1-7998-2318-6.ch003,coastal_tourism,OCEANIC,O
evidence:doi:10.4018/978-1-7998-3820-3,blue_biotech,MARINE,M
evidence:doi:10.4018/978-1-7998-3820-3.ch002,blue_biotech,MARINE,M
evidence:doi:10.4018/978-1-7998-3820-3.ch003,blue_biotech,MARINE,M
evidence:doi:10.4018/978-1-7998-3820-3.ch008,blue_biotech,MARINE,M
evidence:doi:10.4018/978-1-7998-3820-3.ch018,blue_biotech,MARINE,M
evidence:doi:10.4018/979-8-2600-0106-6.ch005,desalination,HYDRONIZATION,H
evidence:doi:10.4018/979-8-2600-1669-5.ch002,living_res,MARINE,M
evidence:doi:10.4018/979-8-2600-1669-5.ch013,blue_biotech,MARINE,M
evidence:doi:10.4018/979-8-2600-1674-9.ch007,desalination,HYDRONIZATION,H
evidence:doi:10.4018/979-8-2600-1674-9.ch008,desalination,HYDRONIZATION,H
evidence:doi:10.4018/979-8-2600-1674-9.ch011,desalination,HYDRONIZATION,H
evidence:doi:10.4018/979-8-2600-2701-1.ch009,infra_robotics,MARITIME,T
evidence:doi:10.4018/979-8-3373-0071-9.ch006,coastal_tourism,OCEANIC,O
evidence:doi:10.4018/979-8-3373-0954-5.ch004,desalination,HYDRONIZATION,H
evidence:doi:10.4018/979-8-3373-2752-5.ch002,infra_robotics,MARITIME,T
evidence:doi:10.4018/979-8-3373-2752-5.ch004,infra_robotics,MARITIME,T
evidence:doi:10.4018/979-8-3373-2752-5.ch006,infra_robotics,MARITIME,T
evidence:doi:10.4018/979-8-3373-3146-1.ch006,non_living_res,MARINE,M
evidence:doi:10.4018/979-8-3373-4159-0.ch003,renewable_energy,MARITIME,T
evidence:doi:10.4018/979-8-3373-4159-0.ch007,infra_robotics,MARITIME,T
evidence:doi:10.4018/979-8-3373-4287-0.ch013,port_activities,MARITIME,T
evidence:doi:10.4018/979-8-3373-5238-1.ch010,maritime_defence,MARITIME,T
evidence:doi:10.4018/979-8-3373-5322-7.ch003,coastal_tourism,OCEANIC,O
evidence:doi:10.4018/979-8-3373-5545-0.ch002,infra_robotics,MARITIME,T
evidence:doi:10.4018/979-8-3373-5881-9.ch003,living_res,MARINE,M
evidence:doi:10.4018/979-8-3373-5881-9.ch012,r_i,OCEANIC,O
evidence:doi:10.4018/979-8-3373-6876-4.ch002,infra_robotics,MARITIME,T
evidence:doi:10.4018/979-8-3373-6876-4.ch009,infra_robotics,MARITIME,T
evidence:doi:10.4018/979-8-3373-7006-4.ch004,infra_robotics,MARITIME,T
evidence:doi:10.4018/979-8-3373-7355-3.ch012,non_living_res,MARINE,M
evidence:doi:10.4018/979-8-3373-7785-8.ch002,desalination,HYDRONIZATION,H
evidence:doi:10.4018/979-8-3373-7785-8.ch003,desalination,HYDRONIZATION,H
evidence:doi:10.4018/979-8-3373-7785-8.ch005,desalination,HYDRONIZATION,H
evidence:doi:10.4018/979-8-3373-7785-8.ch006,desalination,HYDRONIZATION,H
evidence:doi:10.4018/979-8-3373-7785-8.ch007,desalination,HYDRONIZATION,H
evidence:doi:10.4018/979-8-3373-7785-8.ch008,desalination,HYDRONIZATION,H
evidence:doi:10.4018/979-8-3373-7785-8.ch009,desalination,HYDRONIZATION,H
evidence:doi:10.4018/979-8-3373-7785-8.ch011,desalination,HYDRONIZATION,H
evidence:doi:10.4018/979-8-3373-7785-8.ch013,port_activities,MARITIME,T
evidence:doi:10.4018/979-8-3373-8841-0.ch002,infra_robotics,MARITIME,T
evidence:doi:10.4018/979-8-3373-9978-2.ch010,living_res,MARINE,M
evidence:doi:10.4018/979-8-3693-1818-8.ch014,desalination,HYDRONIZATION,H
evidence:doi:10.4018/979-8-3693-3234-4.ch011,desalination,HYDRONIZATION,H
evidence:doi:10.4018/979-8-3693-3234-4.ch025,port_activities,MARITIME,T
evidence:doi:10.4018/979-8-3693-3338-9.ch007,desalination,HYDRONIZATION,H
evidence:doi:10.4018/979-8-3693-3856-8,coastal_tourism,OCEANIC,O
evidence:doi:10.4018/979-8-3693-3856-8.ch003,coastal_tourism,OCEANIC,O
evidence:doi:10.4018/979-8-3693-3856-8.ch004,coastal_tourism,OCEANIC,O
evidence:doi:10.4018/979-8-3693-3856-8.ch010,coastal_tourism,OCEANIC,O
evidence:doi:10.4018/979-8-3693-3856-8.ch012,coastal_tourism,OCEANIC,O
evidence:doi:10.4018/979-8-3693-5767-5.ch006,infra_robotics,MARITIME,T
evidence:doi:10.4018/979-8-3693-8347-6.ch009,coastal_tourism,OCEANIC,O
evidence:doi:10.4018/979-8-3693-9496-0.ch002,blue_biotech,MARINE,M
evidence:doi:10.4018/ijswis.413707,blue_biotech,MARINE,M
evidence:doi:10.4028/p-8z420d,blue_biotech,MARINE,M
evidence:doi:10.4043/30933-ms,renewable_energy,MARITIME,T
evidence:doi:10.4043/30971-ms,infra_robotics,MARITIME,T
evidence:doi:10.4043/31042-ms,infra_robotics,MARITIME,T
evidence:doi:10.4043/31773-ms,infra_robotics,MARITIME,T
evidence:doi:10.4043/32666-ms,infra_robotics,MARITIME,T
evidence:doi:10.4043/37093-ms,infra_robotics,MARITIME,T
evidence:doi:10.4060/cb9570en,blue_biotech,OCEANIC,O
evidence:doi:10.4095/332192,coastal_tourism,OCEANIC,O
evidence:doi:10.4108/airo.3617,infra_robotics,MARITIME,T
evidence:doi:10.4135/9789353885724.n7,port_activities,OCEANIC,O
evidence:doi:10.4274/jems.2026.26986,maritime_transport,MARITIME,T
evidence:doi:10.4324/9780429026805-2,coastal_tourism,OCEANIC,O
evidence:doi:10.4324/9780429273353-11,r_i,OCEANIC,O
evidence:doi:10.4324/9780429342233-8,maritime_transport,OCEANIC,O
evidence:doi:10.4324/9780429342233-9,maritime_transport,OCEANIC,O
evidence:doi:10.4324/9780429423437-5,coastal_tourism,OCEANIC,O
evidence:doi:10.4324/9780429491023-4,maritime_transport,OCEANIC,O
evidence:doi:10.4324/9780429491023-9,maritime_transport,OCEANIC,O
evidence:doi:10.4324/9781003001768-22,coastal_tourism,OCEANIC,O
evidence:doi:10.4324/9781003024293-13,coastal_tourism,OCEANIC,O
evidence:doi:10.4324/9781003030775-11,maritime_transport,MARITIME,T
evidence:doi:10.4324/9781003140788-7,coastal_tourism,OCEANIC,O
evidence:doi:10.4324/9781003205968-21,port_activities,OCEANIC,O
evidence:doi:10.4324/9781003227298-6,blue_biotech,OCEANIC,O
evidence:doi:10.4324/9781003253495-14,coastal_tourism,OCEANIC,O
evidence:doi:10.4324/9781003262442-12,living_res,MARINE,M
evidence:doi:10.4324/9781003342960-8,blue_biotech,MARINE,M
evidence:doi:10.4324/9781003352204,maritime_transport,MARITIME,T
evidence:doi:10.4324/9781003397120,desalination,HYDRONIZATION,H
evidence:doi:10.4324/9781003397120-10,renewable_energy,OCEANIC,O
evidence:doi:10.4324/9781003397120-11,coastal_tourism,OCEANIC,O
evidence:doi:10.4324/9781003397120-12,coastal_tourism,OCEANIC,O
evidence:doi:10.4324/9781003397120-13,desalination,HYDRONIZATION,H
evidence:doi:10.4324/9781003397120-5,desalination,HYDRONIZATION,H
evidence:doi:10.4324/9781003397120-8,blue_biotech,MARINE,M
evidence:doi:10.4324/9781003397120-9,desalination,HYDRONIZATION,H
evidence:doi:10.4324/9781003444411-11,desalination,HYDRONIZATION,H
evidence:doi:10.4324/9781003464082-33,coastal_tourism,OCEANIC,O
evidence:doi:10.4324/9781003483977-10,coastal_tourism,OCEANIC,O
evidence:doi:10.4324/9781003483977-20,coastal_tourism,OCEANIC,O
evidence:doi:10.4324/9781003488361-4,desalination,HYDRONIZATION,H
evidence:doi:10.4324/9781003505112-3,maritime_defence,MARITIME,T
evidence:doi:10.4324/9781003597209-15,port_activities,MARITIME,T
evidence:doi:10.4324/9781003616771-8,living_res,MARINE,M
evidence:doi:10.4324/9781003648000-26,blue_biotech,MARINE,M
evidence:doi:10.4324/9781003648000-5,blue_biotech,MARINE,M
evidence:doi:10.4324/9781003669593-10,desalination,HYDRONIZATION,H
evidence:doi:10.4324/9781003669593-2,desalination,HYDRONIZATION,H
evidence:doi:10.4324/9781003669593-3,desalination,HYDRONIZATION,H
evidence:doi:10.4324/9781003669593-4,desalination,HYDRONIZATION,H
evidence:doi:10.4324/9781003669593-5,renewable_energy,OCEANIC,O
evidence:doi:10.4324/9781003669593-9,desalination,HYDRONIZATION,H
evidence:doi:10.4324/9781003716617-51,maritime_defence,MARITIME,T
evidence:doi:10.4324/9781032616216-17,maritime_transport,MARITIME,T
evidence:doi:10.4337/9781035311255.00018,coastal_tourism,OCEANIC,O
evidence:doi:10.4337/9781035311293.00046,coastal_tourism,OCEANIC,O
evidence:doi:10.4337/9781035322596.00022,living_res,MARINE,M
evidence:doi:10.4337/9781035341269.00014,renewable_energy,OCEANIC,O
evidence:doi:10.4337/9781035349043.00014,blue_biotech,MARINE,M
evidence:doi:10.4337/9781035364282.00018,blue_biotech,MARINE,M
evidence:doi:10.4337/9781035364282.00020,blue_biotech,MARINE,M
evidence:doi:10.4337/9781035364282.00021,blue_biotech,MARINE,M
evidence:doi:10.4337/9781785363405.00055,non_living_res,OCEANIC,O
evidence:doi:10.4337/9781800887909.00020,blue_biotech,OCEANIC,O
evidence:doi:10.4337/9781802206883.00014,maritime_transport,MARITIME,T
evidence:doi:10.4337/9781839107696.00029,r_i,OCEANIC,O
evidence:doi:10.46298/cst-9939,maritime_transport,MARITIME,T
evidence:doi:10.46328/ijemst.5906,blue_biotech,MARINE,M
evidence:doi:10.46460/ijiea.1768923,port_activities,MARITIME,T
evidence:doi:10.46692/9781529239904.006,desalination,HYDRONIZATION,H
evidence:doi:10.46793/pctja.19.67s,coastal_tourism,OCEANIC,O
evidence:doi:10.46799/ijssr.v4i9.940,desalination,HYDRONIZATION,H
evidence:doi:10.47191/ijmra/v8-i06-55,blue_biotech,MARINE,M
evidence:doi:10.47268/sasi.v30i1.1789,maritime_defence,OCEANIC,O
evidence:doi:10.47772/ijriss.2025.908000169,coastal_tourism,OCEANIC,O
evidence:doi:10.47772/ijriss.2026.100601021,coastal_tourism,OCEANIC,O
evidence:doi:10.48336/wq24-vq46,renewable_energy,MARITIME,T
evidence:doi:10.5040/9780755618392.ch-11,blue_biotech,OCEANIC,O
evidence:doi:10.5089/9798229034920.018,port_activities,MARITIME,T
evidence:doi:10.51301/abeats.2025.v1,blue_biotech,MARINE,M
evidence:doi:10.51386/25815946/ijsms-v8i6p113,r_i,OCEANIC,O
evidence:doi:10.51459/futajeet.2014.8.2.15,maritime_defence,OCEANIC,O
evidence:doi:10.5194/egusphere-2025-4546,desalination,HYDRONIZATION,H
evidence:doi:10.5194/egusphere-egu22-13542,living_res,MARINE,M
evidence:doi:10.5194/egusphere-egu23-11561,coastal_tourism,OCEANIC,O
evidence:doi:10.5194/egusphere-egu23-9262,living_res,MARINE,M
evidence:doi:10.5194/egusphere-egu24-11618,r_i,OCEANIC,O
evidence:doi:10.5194/egusphere-egu24-14472,coastal_tourism,OCEANIC,O
evidence:doi:10.5194/egusphere-egu25-11836,coastal_tourism,OCEANIC,O
evidence:doi:10.5194/egusphere-egu25-9114,coastal_tourism,OCEANIC,O
evidence:doi:10.5194/egusphere-egu26-17814,living_res,MARINE,M
evidence:doi:10.5194/egusphere-egu26-21281,coastal_tourism,OCEANIC,O
evidence:doi:10.5194/ems2024-601,living_res,MARINE,M
evidence:doi:10.5194/icuc12-954,desalination,HYDRONIZATION,H
evidence:doi:10.5194/oos2025-348,r_i,OCEANIC,O
evidence:doi:10.5194/oos2025-508,non_living_res,OCEANIC,O
evidence:doi:10.5194/oos2025-759,coastal_tourism,OCEANIC,O
evidence:doi:10.5194/os-22-2083-2026,coastal_tourism,OCEANIC,O
evidence:doi:10.5194/wes-2023-108,renewable_energy,MARITIME,T
evidence:doi:10.52152/3921,renewable_energy,MARITIME,T
evidence:doi:10.52152/4511,renewable_energy,MARITIME,T
evidence:doi:10.5220/0009413503270335,blue_biotech,MARINE,M
evidence:doi:10.5220/0010596507190723,blue_biotech,MARINE,M
evidence:doi:10.5220/0011030600003182,blue_biotech,MARINE,M
evidence:doi:10.5220/0012551500003693,infra_robotics,MARITIME,T
evidence:doi:10.5220/0012649400003798,maritime_defence,MARITIME,T
evidence:doi:10.5220/0012946700003838,coastal_tourism,OCEANIC,O
evidence:doi:10.5220/0013413300004654,blue_biotech,MARINE,M
evidence:doi:10.5220/0013476600003941,desalination,HYDRONIZATION,H
evidence:doi:10.5220/0013772600003982,infra_robotics,MARITIME,T
evidence:doi:10.5220/0013888300004919,non_living_res,MARINE,M
evidence:doi:10.52202/083101-0009,r_i,OCEANIC,O
evidence:doi:10.52449/soh23.51,maritime_defence,MARITIME,T
evidence:doi:10.5256/f1000research.194512.r451007,r_i,OCEANIC,O
evidence:doi:10.5256/f1000research.198604.r489503,coastal_tourism,OCEANIC,O
evidence:doi:10.5256/f1000research.198827.r480268,port_activities,MARITIME,T
evidence:doi:10.52690/jswse.v6i3.1285,r_i,OCEANIC,O
evidence:doi:10.52783/jes.2182,maritime_transport,MARITIME,T
evidence:doi:10.52783/jes.3052,port_activities,MARITIME,T
evidence:doi:10.52842/conf.sigradi.2024.2361,coastal_tourism,OCEANIC,O
evidence:doi:10.53555/kuey.v30i6.4471,coastal_tourism,OCEANIC,O
evidence:doi:10.53807/07016no9,coastal_tourism,OCEANIC,O
evidence:doi:10.54295/2201-012-002-004,maritime_transport,MARITIME,T
evidence:doi:10.5430/wjel.v12n4p65,maritime_transport,MARITIME,T
evidence:doi:10.54394/ryip6876,non_living_res,OCEANIC,O
evidence:doi:10.54394/udjt2567,non_living_res,OCEANIC,O
evidence:doi:10.54394/utzr7681,non_living_res,OCEANIC,O
evidence:doi:10.54394/yvyn6180,non_living_res,OCEANIC,O
evidence:doi:10.54884/s181570410020695-9,port_activities,MARITIME,T
evidence:doi:10.55041/isjem06603,coastal_tourism,OCEANIC,O
evidence:doi:10.5505/jems.2019.29491,port_activities,OCEANIC,O
evidence:doi:10.55092/aias20230003,desalination,HYDRONIZATION,H
evidence:doi:10.55248/gengpi.6.0325.12177,non_living_res,MARINE,M
evidence:doi:10.55845/jos-2025-1250,renewable_energy,OCEANIC,O
evidence:doi:10.5592/co/cetra.2026.1839,desalination,HYDRONIZATION,H
evidence:doi:10.55938/wlp.v2i7.314,living_res,MARINE,M
evidence:doi:10.56028/aehssr.6.1.176.2023,r_i,OCEANIC,O
evidence:doi:10.56042/ijms.v53i03.6498,renewable_energy,OCEANIC,O
evidence:doi:10.56059/11599/5742,blue_biotech,MARINE,M
evidence:doi:10.56059/jl4d.v8i2.525,blue_biotech,MARINE,M
evidence:doi:10.56404/jels.v3i2.51,blue_biotech,MARINE,M
evidence:doi:10.56506/hdlz1912,maritime_transport,OCEANIC,O
evidence:doi:10.57096/return.v4i5.370,port_activities,MARITIME,T
evidence:doi:10.5744/florida/9780813079400.003.0006,desalination,OCEANIC,O
evidence:doi:10.5755/e01.2351-7034.2025.p495-500,maritime_transport,MARITIME,T
evidence:doi:10.5772/acrt.22,infra_robotics,MARITIME,T
evidence:doi:10.5821/mt.11414,infra_robotics,MARITIME,T
evidence:doi:10.5821/mt.13158,maritime_transport,MARITIME,T
evidence:doi:10.5821/mt.14682,maritime_transport,MARITIME,T
evidence:doi:10.5821/mt.15190,maritime_transport,OCEANIC,O
evidence:doi:10.58440/ihr-32-1-c07,maritime_transport,OCEANIC,O
evidence:doi:10.58532/nbennurdtss5,port_activities,MARITIME,T
evidence:doi:10.5871/bacop26/9780856726736.001,desalination,HYDRONIZATION,H
evidence:doi:10.58837/chula.educu.47.4.22,blue_biotech,MARINE,M
evidence:doi:10.5957/jspd.10200027,ship_repair,MARITIME,T
evidence:doi:10.5957/ssc481,ship_repair,MARITIME,T
evidence:doi:10.5958/2278-4853.2022.00254.3,coastal_tourism,OCEANIC,O
evidence:doi:10.5961/jhes.2019.305,blue_biotech,MARINE,M
evidence:doi:10.5961/jhes.2019.356,r_i,OCEANIC,O
evidence:doi:10.59617/efepub20242333,infra_robotics,MARITIME,T
evidence:doi:10.6109/jkiice.2025.29.5.712,ship_repair,MARITIME,T
evidence:doi:10.61132/ijmicse.v3i1.374,infra_robotics,MARITIME,T
evidence:doi:10.61838/jcbl.301,coastal_tourism,OCEANIC,O
evidence:doi:10.62012/mp.vi.45889,infra_robotics,MARITIME,T
evidence:doi:10.62225/2583049x.2026.6.1.5740,maritime_defence,MARITIME,T
evidence:doi:10.62311/nesx/905742,infra_robotics,MARITIME,T
evidence:doi:10.62311/nesx/rb-978-81-999639-9-3,living_res,MARINE,M
evidence:doi:10.62311/nesx/rb5j-978-81-687760-5-0,infra_robotics,MARITIME,T
evidence:doi:10.62486/978-9915-704-12-8.ch08,coastal_tourism,OCEANIC,O
evidence:doi:10.62517/jnse.202617205,port_activities,MARITIME,T
evidence:doi:10.62662/kxwxy0212004,r_i,OCEANIC,O
evidence:doi:10.62754/joe.v3i4.3578,coastal_tourism,OCEANIC,O
evidence:doi:10.63044/w26pei181,ship_repair,OCEANIC,O
evidence:doi:10.63090/ijep/3108.1800.0008,desalination,HYDRONIZATION,H
evidence:doi:10.63593/rae.2788-7057.2025.05.003,coastal_tourism,OCEANIC,O
evidence:doi:10.64058/mes.25.1.01,blue_biotech,OCEANIC,O
evidence:doi:10.64064/1658-4325.1014,port_activities,MARITIME,T
evidence:doi:10.64233/jglj3047,coastal_tourism,OCEANIC,O
evidence:doi:10.64388/irev9i12-1719005,non_living_res,MARINE,M
evidence:doi:10.64712/ghajet.v14i3.788,desalination,HYDRONIZATION,H
evidence:doi:10.66314/ijepp.v4i1.209,maritime_transport,MARITIME,T
evidence:doi:10.66356/iydb8339,non_living_res,MARINE,M
evidence:doi:10.66887/jltl.v15i2.797,coastal_tourism,OCEANIC,O
evidence:doi:10.70102/ijares/v5i2/5-2-29,coastal_tourism,OCEANIC,O
evidence:doi:10.70269/10.70269/3734943838,maritime_defence,MARITIME,T
evidence:doi:10.70593/978-93-7185-542-6_7,infra_robotics,MARITIME,T
evidence:doi:10.70725/881380vlsnpa,blue_biotech,MARINE,M
evidence:doi:10.70908/2232-6022/18.177-205,infra_robotics,MARITIME,T
evidence:doi:10.71443/9789349552531-13,desalination,HYDRONIZATION,H
evidence:doi:10.7202/1109482ar,non_living_res,OCEANIC,O
evidence:doi:10.7220/9786094674792,desalination,HYDRONIZATION,H
evidence:doi:10.7225/toms.v11.n02.w05,maritime_transport,MARITIME,T
evidence:doi:10.7225/toms.v14.n03.013,maritime_transport,MARITIME,T
evidence:doi:10.7490/f1000research.1119716.1,coastal_tourism,OCEANIC,O
evidence:doi:10.7717/peerj-cs.3625,renewable_energy,OCEANIC,O
evidence:doi:10.9734/ajmpcp/2026/v9i2469,r_i,OCEANIC,O
evidence:doi:10.9734/bpi/nhstc/v12/7760,desalination,HYDRONIZATION,H
evidence:doi:10.9753/icce.v38.management.232,coastal_tourism,OCEANIC,O
evidence:title:05eff7489f857d83,port_activities,MARITIME,T
evidence:title:06ee9d41ad0d3c29,infra_robotics,MARITIME,T
evidence:title:1657040f45b560f9,port_activities,MARITIME,T
evidence:title:3e7f711005401c21,maritime_transport,MARITIME,T
evidence:title:4c70444f7b5e5c06,maritime_defence,MARITIME,T
evidence:title:5767bfc552f7508b,coastal_tourism,OCEANIC,O
evidence:title:7abe1d1ae0c6787b,port_activities,MARITIME,T
evidence:title:87275667d84d626e,maritime_defence,MARITIME,T
evidence:title:99d52148cc9e18a5,maritime_transport,MARITIME,T
evidence:title:9fd09e9cd02cf455,port_activities,MARITIME,T
evidence:title:b49b01ea9b60489b,blue_biotech,MARINE,M
evidence:title:b641e5af1f733ece,infra_robotics,MARITIME,T
evidence:title:c279d7d1bdf4d4ab,maritime_transport,MARITIME,T
