sector,provider,query,record_count
Blue Biotech,crossref,marine biotechnology blue bioeconomy innovation governance,0
Blue Biotech,scopus,marine biotechnology blue bioeconomy innovation governance,0
Blue Biotech,openalex,marine biotechnology blue bioeconomy innovation governance,150
Blue Biotech,wos,marine biotechnology blue bioeconomy innovation governance,0
Blue Biotech,crossref,bioprospecting marine genetic resources benefit sharing,0
Blue Biotech,scopus,bioprospecting marine genetic resources benefit sharing,14
Blue Biotech,openalex,bioprospecting marine genetic resources benefit sharing,150
Blue Biotech,wos,bioprospecting marine genetic resources benefit sharing,8
Blue Biotech,crossref,marine biomaterials pharmaceuticals bioremediation sustainability,0
Blue Biotech,scopus,marine biomaterials pharmaceuticals bioremediation sustainability,2
Blue Biotech,openalex,marine biomaterials pharmaceuticals bioremediation sustainability,150
Blue Biotech,wos,marine biomaterials pharmaceuticals bioremediation sustainability,1
Blue Biotech,crossref,marine biotechnology workforce skills competences training,19
Blue Biotech,scopus,marine biotechnology workforce skills competences training,0
Blue Biotech,openalex,marine biotechnology workforce skills competences training,150
Blue Biotech,wos,marine biotechnology workforce skills competences training,0
Blue Biotech,crossref,blue bioeconomy education learning outcomes curriculum qualification,0
Blue Biotech,scopus,blue bioeconomy education learning outcomes curriculum qualification,0
Blue Biotech,openalex,blue bioeconomy education learning outcomes curriculum qualification,13
Blue Biotech,wos,blue bioeconomy education learning outcomes curriculum qualification,0
Blue Biotech,crossref,marine biotechnology AI digital twin sustainability just transition,0
Blue Biotech,scopus,marine biotechnology AI digital twin sustainability just transition,0
Blue Biotech,openalex,marine biotechnology AI digital twin sustainability just transition,150
Blue Biotech,wos,marine biotechnology AI digital twin sustainability just transition,0
Blue Biotech,crossref,marine genetic resources ocean literacy governance climate adaptation,0
Blue Biotech,scopus,marine genetic resources ocean literacy governance climate adaptation,0
Blue Biotech,openalex,marine genetic resources ocean literacy governance climate adaptation,150
Blue Biotech,wos,marine genetic resources ocean literacy governance climate adaptation,0
Blue Biotech,crossref,marine biotechnology EQF qualification framework micro-credential professional development,0
Blue Biotech,scopus,marine biotechnology EQF qualification framework micro-credential professional development,0
Blue Biotech,openalex,marine biotechnology EQF qualification framework micro-credential professional development,2
Blue Biotech,wos,marine biotechnology EQF qualification framework micro-credential professional development,0
Blue Biotech,crossref,blue biotech maritimisation marinization oceanisation hydrosocial de-base-re hypothesis verification indicators,146
Blue Biotech,scopus,blue biotech maritimisation marinization oceanisation hydrosocial de-base-re hypothesis verification indicators,0
Blue Biotech,openalex,blue biotech maritimisation marinization oceanisation hydrosocial de-base-re hypothesis verification indicators,0
Blue Biotech,wos,blue biotech maritimisation marinization oceanisation hydrosocial de-base-re hypothesis verification indicators,0
Blue Biotech,crossref,blue biotech qmbd axis translation marine maritime oceanic hydronization theory terms taxonomy mapping,147
Blue Biotech,scopus,blue biotech qmbd axis translation marine maritime oceanic hydronization theory terms taxonomy mapping,0
Blue Biotech,openalex,blue biotech qmbd axis translation marine maritime oceanic hydronization theory terms taxonomy mapping,0
Blue Biotech,wos,blue biotech qmbd axis translation marine maritime oceanic hydronization theory terms taxonomy mapping,0
Coastal Tourism,crossref,coastal tourism sustainability overtourism management,0
Coastal Tourism,scopus,coastal tourism sustainability overtourism management,8
Coastal Tourism,openalex,coastal tourism sustainability overtourism management,150
Coastal Tourism,wos,coastal tourism sustainability overtourism management,5
Coastal Tourism,crossref,marine ecotourism blue economy livelihoods governance,62
Coastal Tourism,scopus,marine ecotourism blue economy livelihoods governance,1
Coastal Tourism,openalex,marine ecotourism blue economy livelihoods governance,150
Coastal Tourism,wos,marine ecotourism blue economy livelihoods governance,2
Coastal Tourism,crossref,cruise tourism environmental impact governance,0
Coastal Tourism,scopus,cruise tourism environmental impact governance,12
Coastal Tourism,openalex,cruise tourism environmental impact governance,150
Coastal Tourism,wos,cruise tourism environmental impact governance,13
Coastal Tourism,crossref,coastal tourism workforce skills competences training professional development,0
Coastal Tourism,scopus,coastal tourism workforce skills competences training professional development,0
Coastal Tourism,openalex,coastal tourism workforce skills competences training professional development,150
Coastal Tourism,wos,coastal tourism workforce skills competences training professional development,0
Coastal Tourism,crossref,marine ecotourism education learning outcomes curriculum qualification,0
Coastal Tourism,scopus,marine ecotourism education learning outcomes curriculum qualification,0
Coastal Tourism,openalex,marine ecotourism education learning outcomes curriculum qualification,38
Coastal Tourism,wos,marine ecotourism education learning outcomes curriculum qualification,0
Coastal Tourism,crossref,coastal tourism climate adaptation resilience just transition safety,0
Coastal Tourism,scopus,coastal tourism climate adaptation resilience just transition safety,0
Coastal Tourism,openalex,coastal tourism climate adaptation resilience just transition safety,150
Coastal Tourism,wos,coastal tourism climate adaptation resilience just transition safety,0
Coastal Tourism,crossref,coastal tourism AI digital twin ocean literacy hydrosocial,0
Coastal Tourism,scopus,coastal tourism AI digital twin ocean literacy hydrosocial,0
Coastal Tourism,openalex,coastal tourism AI digital twin ocean literacy hydrosocial,0
Coastal Tourism,wos,coastal tourism AI digital twin ocean literacy hydrosocial,0
Coastal Tourism,crossref,coastal tourism EQF qualification framework micro-credential learning outcomes,0
Coastal Tourism,scopus,coastal tourism EQF qualification framework micro-credential learning outcomes,0
Coastal Tourism,openalex,coastal tourism EQF qualification framework micro-credential learning outcomes,2
Coastal Tourism,wos,coastal tourism EQF qualification framework micro-credential learning outcomes,0
Coastal Tourism,crossref,coastal tourism maritimisation marinization oceanisation hydrosocial de-base-re hypothesis verification indicators,145
Coastal Tourism,scopus,coastal tourism maritimisation marinization oceanisation hydrosocial de-base-re hypothesis verification indicators,0
Coastal Tourism,openalex,coastal tourism maritimisation marinization oceanisation hydrosocial de-base-re hypothesis verification indicators,0
Coastal Tourism,wos,coastal tourism maritimisation marinization oceanisation hydrosocial de-base-re hypothesis verification indicators,0
Coastal Tourism,crossref,coastal tourism qmbd axis translation marine maritime oceanic hydronization theory terms taxonomy mapping,146
Coastal Tourism,scopus,coastal tourism qmbd axis translation marine maritime oceanic hydronization theory terms taxonomy mapping,0
Coastal Tourism,openalex,coastal tourism qmbd axis translation marine maritime oceanic hydronization theory terms taxonomy mapping,0
Coastal Tourism,wos,coastal tourism qmbd axis translation marine maritime oceanic hydronization theory terms taxonomy mapping,0
Desalination,crossref,desalination brine management environmental impact governance,0
Desalination,scopus,desalination brine management environmental impact governance,4
Desalination,openalex,desalination brine management environmental impact governance,150
Desalination,wos,desalination brine management environmental impact governance,4
Desalination,crossref,desalination water energy nexus sustainability,0
Desalination,scopus,desalination water energy nexus sustainability,132
Desalination,openalex,desalination water energy nexus sustainability,150
Desalination,wos,desalination water energy nexus sustainability,117
Desalination,crossref,desalination hydrosocial water justice governance,0
Desalination,scopus,desalination hydrosocial water justice governance,0
Desalination,openalex,desalination hydrosocial water justice governance,129
Desalination,wos,desalination hydrosocial water justice governance,0
Desalination,crossref,desalination workforce skills competences training professional development,0
Desalination,scopus,desalination workforce skills competences training professional development,0
Desalination,openalex,desalination workforce skills competences training professional development,150
Desalination,wos,desalination workforce skills competences training professional development,0
Desalination,crossref,desalination operator education learning outcomes curriculum qualification,0
Desalination,scopus,desalination operator education learning outcomes curriculum qualification,0
Desalination,openalex,desalination operator education learning outcomes curriculum qualification,17
Desalination,wos,desalination operator education learning outcomes curriculum qualification,0
Desalination,crossref,desalination AI digital twin autonomous systems resilience,0
Desalination,scopus,desalination AI digital twin autonomous systems resilience,0
Desalination,openalex,desalination AI digital twin autonomous systems resilience,150
Desalination,wos,desalination AI digital twin autonomous systems resilience,0
Desalination,crossref,desalination climate adaptation just transition hydrosocial safety,0
Desalination,scopus,desalination climate adaptation just transition hydrosocial safety,0
Desalination,openalex,desalination climate adaptation just transition hydrosocial safety,33
Desalination,wos,desalination climate adaptation just transition hydrosocial safety,0
Desalination,crossref,desalination EQF qualification framework micro-credential learning outcomes,0
Desalination,scopus,desalination EQF qualification framework micro-credential learning outcomes,0
Desalination,openalex,desalination EQF qualification framework micro-credential learning outcomes,0
Desalination,wos,desalination EQF qualification framework micro-credential learning outcomes,0
Desalination,crossref,desalination maritimisation marinization oceanisation hydrosocial de-base-re hypothesis verification indicators,146
Desalination,scopus,desalination maritimisation marinization oceanisation hydrosocial de-base-re hypothesis verification indicators,0
Desalination,openalex,desalination maritimisation marinization oceanisation hydrosocial de-base-re hypothesis verification indicators,0
Desalination,wos,desalination maritimisation marinization oceanisation hydrosocial de-base-re hypothesis verification indicators,0
Desalination,crossref,desalination qmbd axis translation marine maritime oceanic hydronization theory terms taxonomy mapping,147
Desalination,scopus,desalination qmbd axis translation marine maritime oceanic hydronization theory terms taxonomy mapping,0
Desalination,openalex,desalination qmbd axis translation marine maritime oceanic hydronization theory terms taxonomy mapping,0
Desalination,wos,desalination qmbd axis translation marine maritime oceanic hydronization theory terms taxonomy mapping,0
Infra & Robotics,crossref,maritime infrastructure cyber physical systems digital twin,0
Infra & Robotics,scopus,maritime infrastructure cyber physical systems digital twin,10
Infra & Robotics,openalex,maritime infrastructure cyber physical systems digital twin,150
Infra & Robotics,wos,maritime infrastructure cyber physical systems digital twin,7
Infra & Robotics,crossref,offshore robotics marine monitoring autonomous systems,0
Infra & Robotics,scopus,offshore robotics marine monitoring autonomous systems,21
Infra & Robotics,openalex,offshore robotics marine monitoring autonomous systems,150
Infra & Robotics,wos,offshore robotics marine monitoring autonomous systems,17
Infra & Robotics,crossref,smart coastal infrastructure flood risk adaptation,0
Infra & Robotics,scopus,smart coastal infrastructure flood risk adaptation,4
Infra & Robotics,openalex,smart coastal infrastructure flood risk adaptation,150
Infra & Robotics,wos,smart coastal infrastructure flood risk adaptation,8
Infra & Robotics,crossref,offshore robotics workforce skills competences training professional development,0
Infra & Robotics,scopus,offshore robotics workforce skills competences training professional development,0
Infra & Robotics,openalex,offshore robotics workforce skills competences training professional development,150
Infra & Robotics,wos,offshore robotics workforce skills competences training professional development,0
Infra & Robotics,crossref,maritime robotics engineer education learning outcomes curriculum qualification,0
Infra & Robotics,scopus,maritime robotics engineer education learning outcomes curriculum qualification,0
Infra & Robotics,openalex,maritime robotics engineer education learning outcomes curriculum qualification,126
Infra & Robotics,wos,maritime robotics engineer education learning outcomes curriculum qualification,0
Infra & Robotics,crossref,offshore robotics AI digital twin autonomous systems resilience,0
Infra & Robotics,scopus,offshore robotics AI digital twin autonomous systems resilience,0
Infra & Robotics,openalex,offshore robotics AI digital twin autonomous systems resilience,150
Infra & Robotics,wos,offshore robotics AI digital twin autonomous systems resilience,0
Infra & Robotics,crossref,maritime cyber-physical systems climate adaptation safety port-city,0
Infra & Robotics,scopus,maritime cyber-physical systems climate adaptation safety port-city,0
Infra & Robotics,openalex,maritime cyber-physical systems climate adaptation safety port-city,150
Infra & Robotics,wos,maritime cyber-physical systems climate adaptation safety port-city,0
Infra & Robotics,crossref,offshore robotics EQF qualification framework micro-credential learning outcomes,0
Infra & Robotics,scopus,offshore robotics EQF qualification framework micro-credential learning outcomes,0
Infra & Robotics,openalex,offshore robotics EQF qualification framework micro-credential learning outcomes,2
Infra & Robotics,wos,offshore robotics EQF qualification framework micro-credential learning outcomes,0
Infra & Robotics,crossref,infra & robotics maritimisation marinization oceanisation hydrosocial de-base-re hypothesis verification indicators,145
Infra & Robotics,scopus,infra & robotics maritimisation marinization oceanisation hydrosocial de-base-re hypothesis verification indicators,0
Infra & Robotics,openalex,infra & robotics maritimisation marinization oceanisation hydrosocial de-base-re hypothesis verification indicators,0
Infra & Robotics,wos,infra & robotics maritimisation marinization oceanisation hydrosocial de-base-re hypothesis verification indicators,0
Infra & Robotics,crossref,infra & robotics qmbd axis translation marine maritime oceanic hydronization theory terms taxonomy mapping,147
Infra & Robotics,scopus,infra & robotics qmbd axis translation marine maritime oceanic hydronization theory terms taxonomy mapping,0
Infra & Robotics,openalex,infra & robotics qmbd axis translation marine maritime oceanic hydronization theory terms taxonomy mapping,0
Infra & Robotics,wos,infra & robotics qmbd axis translation marine maritime oceanic hydronization theory terms taxonomy mapping,0
Living Res.,crossref,small scale fisheries livelihoods blue economy governance,0
Living Res.,scopus,small scale fisheries livelihoods blue economy governance,19
Living Res.,openalex,small scale fisheries livelihoods blue economy governance,150
Living Res.,wos,small scale fisheries livelihoods blue economy governance,20
Living Res.,crossref,fisheries management sustainability marine protected areas,0
Living Res.,scopus,fisheries management sustainability marine protected areas,150
Living Res.,openalex,fisheries management sustainability marine protected areas,150
Living Res.,wos,fisheries management sustainability marine protected areas,0
Living Res.,crossref,aquaculture social licence environmental impact governance,0
Living Res.,scopus,aquaculture social licence environmental impact governance,3
Living Res.,openalex,aquaculture social licence environmental impact governance,150
Living Res.,wos,aquaculture social licence environmental impact governance,14
Living Res.,crossref,fisheries workforce skills competences training professional development,0
Living Res.,scopus,fisheries workforce skills competences training professional development,0
Living Res.,openalex,fisheries workforce skills competences training professional development,150
Living Res.,wos,fisheries workforce skills competences training professional development,0
Living Res.,crossref,aquaculture education learning outcomes curriculum qualification,0
Living Res.,scopus,aquaculture education learning outcomes curriculum qualification,0
Living Res.,openalex,aquaculture education learning outcomes curriculum qualification,150
Living Res.,wos,aquaculture education learning outcomes curriculum qualification,0
Living Res.,crossref,fisheries AI digital twin resilience climate adaptation just transition,0
Living Res.,scopus,fisheries AI digital twin resilience climate adaptation just transition,0
Living Res.,openalex,fisheries AI digital twin resilience climate adaptation just transition,150
Living Res.,wos,fisheries AI digital twin resilience climate adaptation just transition,0
Living Res.,crossref,small scale fisheries blue economy labour ocean literacy marine governance,142
Living Res.,scopus,small scale fisheries blue economy labour ocean literacy marine governance,0
Living Res.,openalex,small scale fisheries blue economy labour ocean literacy marine governance,150
Living Res.,wos,small scale fisheries blue economy labour ocean literacy marine governance,0
Living Res.,crossref,fisheries aquaculture EQF qualification framework micro-credential learning outcomes,0
Living Res.,scopus,fisheries aquaculture EQF qualification framework micro-credential learning outcomes,0
Living Res.,openalex,fisheries aquaculture EQF qualification framework micro-credential learning outcomes,1
Living Res.,wos,fisheries aquaculture EQF qualification framework micro-credential learning outcomes,0
Living Res.,crossref,living res. maritimisation marinization oceanisation hydrosocial de-base-re hypothesis verification indicators,145
Living Res.,scopus,living res. maritimisation marinization oceanisation hydrosocial de-base-re hypothesis verification indicators,0
Living Res.,openalex,living res. maritimisation marinization oceanisation hydrosocial de-base-re hypothesis verification indicators,0
Living Res.,wos,living res. maritimisation marinization oceanisation hydrosocial de-base-re hypothesis verification indicators,0
Living Res.,crossref,living res. qmbd axis translation marine maritime oceanic hydronization theory terms taxonomy mapping,147
Living Res.,scopus,living res. qmbd axis translation marine maritime oceanic hydronization theory terms taxonomy mapping,0
Living Res.,openalex,living res. qmbd axis translation marine maritime oceanic hydronization theory terms taxonomy mapping,0
Living Res.,wos,living res. qmbd axis translation marine maritime oceanic hydronization theory terms taxonomy mapping,0
Non-living Res.,crossref,seabed mining governance environmental impact social licence,0
Non-living Res.,scopus,seabed mining governance environmental impact social licence,1
Non-living Res.,openalex,seabed mining governance environmental impact social licence,150
Non-living Res.,wos,seabed mining governance environmental impact social licence,2
Non-living Res.,crossref,marine aggregates extraction coastal governance sustainability,4
Non-living Res.,scopus,marine aggregates extraction coastal governance sustainability,0
Non-living Res.,openalex,marine aggregates extraction coastal governance sustainability,150
Non-living Res.,wos,marine aggregates extraction coastal governance sustainability,0
Non-living Res.,crossref,critical raw materials offshore extraction governance,0
Non-living Res.,scopus,critical raw materials offshore extraction governance,0
Non-living Res.,openalex,critical raw materials offshore extraction governance,150
Non-living Res.,wos,critical raw materials offshore extraction governance,0
Non-living Res.,crossref,seabed mining workforce skills competences training professional development,0
Non-living Res.,scopus,seabed mining workforce skills competences training professional development,0
Non-living Res.,openalex,seabed mining workforce skills competences training professional development,61
Non-living Res.,wos,seabed mining workforce skills competences training professional development,0
Non-living Res.,crossref,marine aggregates education learning outcomes curriculum qualification,0
Non-living Res.,scopus,marine aggregates education learning outcomes curriculum qualification,0
Non-living Res.,openalex,marine aggregates education learning outcomes curriculum qualification,150
Non-living Res.,wos,marine aggregates education learning outcomes curriculum qualification,0
Non-living Res.,crossref,seabed mining AI autonomous systems safety climate adaptation,0
Non-living Res.,scopus,seabed mining AI autonomous systems safety climate adaptation,0
Non-living Res.,openalex,seabed mining AI autonomous systems safety climate adaptation,150
Non-living Res.,wos,seabed mining AI autonomous systems safety climate adaptation,0
Non-living Res.,crossref,critical raw materials just transition marine governance blue economy labour,130
Non-living Res.,scopus,critical raw materials just transition marine governance blue economy labour,0
Non-living Res.,openalex,critical raw materials just transition marine governance blue economy labour,150
Non-living Res.,wos,critical raw materials just transition marine governance blue economy labour,0
Non-living Res.,crossref,seabed extraction EQF qualification framework micro-credential learning outcomes,0
Non-living Res.,scopus,seabed extraction EQF qualification framework micro-credential learning outcomes,0
Non-living Res.,openalex,seabed extraction EQF qualification framework micro-credential learning outcomes,0
Non-living Res.,wos,seabed extraction EQF qualification framework micro-credential learning outcomes,0
Non-living Res.,crossref,non-living res. maritimisation marinization oceanisation hydrosocial de-base-re hypothesis verification indicators,136
Non-living Res.,scopus,non-living res. maritimisation marinization oceanisation hydrosocial de-base-re hypothesis verification indicators,0
Non-living Res.,openalex,non-living res. maritimisation marinization oceanisation hydrosocial de-base-re hypothesis verification indicators,0
Non-living Res.,wos,non-living res. maritimisation marinization oceanisation hydrosocial de-base-re hypothesis verification indicators,0
Non-living Res.,crossref,non-living res. qmbd axis translation marine maritime oceanic hydronization theory terms taxonomy mapping,144
Non-living Res.,scopus,non-living res. qmbd axis translation marine maritime oceanic hydronization theory terms taxonomy mapping,0
Non-living Res.,openalex,non-living res. qmbd axis translation marine maritime oceanic hydronization theory terms taxonomy mapping,0
Non-living Res.,wos,non-living res. qmbd axis translation marine maritime oceanic hydronization theory terms taxonomy mapping,0
Renewable Energy,crossref,offshore wind energy marine spatial planning governance,0
Renewable Energy,scopus,offshore wind energy marine spatial planning governance,28
Renewable Energy,openalex,offshore wind energy marine spatial planning governance,150
Renewable Energy,wos,offshore wind energy marine spatial planning governance,27
Renewable Energy,crossref,ocean renewable energy governance sustainability,0
Renewable Energy,scopus,ocean renewable energy governance sustainability,23
Renewable Energy,openalex,ocean renewable energy governance sustainability,150
Renewable Energy,wos,ocean renewable energy governance sustainability,11
Renewable Energy,crossref,tidal energy wave energy environmental impact,0
Renewable Energy,scopus,tidal energy wave energy environmental impact,150
Renewable Energy,openalex,tidal energy wave energy environmental impact,150
Renewable Energy,wos,tidal energy wave energy environmental impact,36
Renewable Energy,crossref,offshore wind workforce skills competences training professional development,0
Renewable Energy,scopus,offshore wind workforce skills competences training professional development,0
Renewable Energy,openalex,offshore wind workforce skills competences training professional development,150
Renewable Energy,wos,offshore wind workforce skills competences training professional development,0
Renewable Energy,crossref,ocean renewable energy education learning outcomes curriculum qualification,0
Renewable Energy,scopus,ocean renewable energy education learning outcomes curriculum qualification,0
Renewable Energy,openalex,ocean renewable energy education learning outcomes curriculum qualification,150
Renewable Energy,wos,ocean renewable energy education learning outcomes curriculum qualification,0
Renewable Energy,crossref,offshore wind AI digital twin autonomous systems resilience,0
Renewable Energy,scopus,offshore wind AI digital twin autonomous systems resilience,0
Renewable Energy,openalex,offshore wind AI digital twin autonomous systems resilience,150
Renewable Energy,wos,offshore wind AI digital twin autonomous systems resilience,0
Renewable Energy,crossref,offshore wind just transition climate adaptation marine governance safety,0
Renewable Energy,scopus,offshore wind just transition climate adaptation marine governance safety,0
Renewable Energy,openalex,offshore wind just transition climate adaptation marine governance safety,150
Renewable Energy,wos,offshore wind just transition climate adaptation marine governance safety,0
Renewable Energy,crossref,offshore renewable energy EQF qualification framework micro-credential learning outcomes,40
Renewable Energy,scopus,offshore renewable energy EQF qualification framework micro-credential learning outcomes,0
Renewable Energy,openalex,offshore renewable energy EQF qualification framework micro-credential learning outcomes,1
Renewable Energy,wos,offshore renewable energy EQF qualification framework micro-credential learning outcomes,0
Renewable Energy,crossref,renewable energy maritimisation marinization oceanisation hydrosocial de-base-re hypothesis verification indicators,112
Renewable Energy,scopus,renewable energy maritimisation marinization oceanisation hydrosocial de-base-re hypothesis verification indicators,0
Renewable Energy,openalex,renewable energy maritimisation marinization oceanisation hydrosocial de-base-re hypothesis verification indicators,0
Renewable Energy,wos,renewable energy maritimisation marinization oceanisation hydrosocial de-base-re hypothesis verification indicators,0
Renewable Energy,crossref,renewable energy qmbd axis translation marine maritime oceanic hydronization theory terms taxonomy mapping,120
Renewable Energy,scopus,renewable energy qmbd axis translation marine maritime oceanic hydronization theory terms taxonomy mapping,0
Renewable Energy,openalex,renewable energy qmbd axis translation marine maritime oceanic hydronization theory terms taxonomy mapping,0
Renewable Energy,wos,renewable energy qmbd axis translation marine maritime oceanic hydronization theory terms taxonomy mapping,0
Maritime Defence,crossref,maritime security governance blue economy,0
Maritime Defence,scopus,maritime security governance blue economy,46
Maritime Defence,openalex,maritime security governance blue economy,150
Maritime Defence,wos,maritime security governance blue economy,17
Maritime Defence,crossref,naval operations maritime domain awareness surveillance,19
Maritime Defence,scopus,naval operations maritime domain awareness surveillance,8
Maritime Defence,openalex,naval operations maritime domain awareness surveillance,150
Maritime Defence,wos,naval operations maritime domain awareness surveillance,3
Maritime Defence,crossref,critical maritime infrastructure protection governance,0
Maritime Defence,scopus,critical maritime infrastructure protection governance,9
Maritime Defence,openalex,critical maritime infrastructure protection governance,150
Maritime Defence,wos,critical maritime infrastructure protection governance,8
Maritime Defence,crossref,maritime security workforce skills competences training professional development,0
Maritime Defence,scopus,maritime security workforce skills competences training professional development,1
Maritime Defence,openalex,maritime security workforce skills competences training professional development,150
Maritime Defence,wos,maritime security workforce skills competences training professional development,0
Maritime Defence,crossref,naval operations education learning outcomes curriculum qualification,0
Maritime Defence,scopus,naval operations education learning outcomes curriculum qualification,0
Maritime Defence,openalex,naval operations education learning outcomes curriculum qualification,150
Maritime Defence,wos,naval operations education learning outcomes curriculum qualification,0
Maritime Defence,crossref,maritime domain awareness AI autonomous systems digital twin resilience,0
Maritime Defence,scopus,maritime domain awareness AI autonomous systems digital twin resilience,0
Maritime Defence,openalex,maritime domain awareness AI autonomous systems digital twin resilience,150
Maritime Defence,wos,maritime domain awareness AI autonomous systems digital twin resilience,0
Maritime Defence,crossref,maritime security climate adaptation marine governance safety port-city,0
Maritime Defence,scopus,maritime security climate adaptation marine governance safety port-city,0
Maritime Defence,openalex,maritime security climate adaptation marine governance safety port-city,150
Maritime Defence,wos,maritime security climate adaptation marine governance safety port-city,0
Maritime Defence,crossref,maritime defence EQF qualification framework micro-credential learning outcomes,0
Maritime Defence,scopus,maritime defence EQF qualification framework micro-credential learning outcomes,0
Maritime Defence,openalex,maritime defence EQF qualification framework micro-credential learning outcomes,0
Maritime Defence,wos,maritime defence EQF qualification framework micro-credential learning outcomes,0
Maritime Defence,crossref,maritime defence maritimisation marinization oceanisation hydrosocial de-base-re hypothesis verification indicators,144
Maritime Defence,scopus,maritime defence maritimisation marinization oceanisation hydrosocial de-base-re hypothesis verification indicators,0
Maritime Defence,openalex,maritime defence maritimisation marinization oceanisation hydrosocial de-base-re hypothesis verification indicators,0
Maritime Defence,wos,maritime defence maritimisation marinization oceanisation hydrosocial de-base-re hypothesis verification indicators,0
Maritime Defence,crossref,maritime defence qmbd axis translation marine maritime oceanic hydronization theory terms taxonomy mapping,89
Maritime Defence,scopus,maritime defence qmbd axis translation marine maritime oceanic hydronization theory terms taxonomy mapping,0
Maritime Defence,openalex,maritime defence qmbd axis translation marine maritime oceanic hydronization theory terms taxonomy mapping,0
Maritime Defence,wos,maritime defence qmbd axis translation marine maritime oceanic hydronization theory terms taxonomy mapping,0
Maritime Transport,crossref,maritime transport decarbonization emissions reduction,0
Maritime Transport,scopus,maritime transport decarbonization emissions reduction,144
Maritime Transport,openalex,maritime transport decarbonization emissions reduction,150
Maritime Transport,wos,maritime transport decarbonization emissions reduction,148
Maritime Transport,crossref,shipping governance international regulations IMO,0
Maritime Transport,scopus,shipping governance international regulations IMO,29
Maritime Transport,openalex,shipping governance international regulations IMO,150
Maritime Transport,wos,shipping governance international regulations IMO,26
Maritime Transport,crossref,maritime safety maritime labour conditions,0
Maritime Transport,scopus,maritime safety maritime labour conditions,37
Maritime Transport,openalex,maritime safety maritime labour conditions,150
Maritime Transport,wos,maritime safety maritime labour conditions,21
Maritime Transport,crossref,seafarer workforce skills competences training professional development,0
Maritime Transport,scopus,seafarer workforce skills competences training professional development,1
Maritime Transport,openalex,seafarer workforce skills competences training professional development,150
Maritime Transport,wos,seafarer workforce skills competences training professional development,1
Maritime Transport,crossref,maritime officer education learning outcomes curriculum qualification,0
Maritime Transport,scopus,maritime officer education learning outcomes curriculum qualification,0
Maritime Transport,openalex,maritime officer education learning outcomes curriculum qualification,150
Maritime Transport,wos,maritime officer education learning outcomes curriculum qualification,0
Maritime Transport,crossref,shipping AI digital twin autonomous systems decarbonization resilience,0
Maritime Transport,scopus,shipping AI digital twin autonomous systems decarbonization resilience,0
Maritime Transport,openalex,shipping AI digital twin autonomous systems decarbonization resilience,150
Maritime Transport,wos,shipping AI digital twin autonomous systems decarbonization resilience,0
Maritime Transport,crossref,shipping just transition blue economy labour ocean literacy marine governance safety,144
Maritime Transport,scopus,shipping just transition blue economy labour ocean literacy marine governance safety,0
Maritime Transport,openalex,shipping just transition blue economy labour ocean literacy marine governance safety,73
Maritime Transport,wos,shipping just transition blue economy labour ocean literacy marine governance safety,0
Maritime Transport,crossref,maritime transport EQF qualification framework micro-credential STCW learning outcomes,87
Maritime Transport,scopus,maritime transport EQF qualification framework micro-credential STCW learning outcomes,0
Maritime Transport,openalex,maritime transport EQF qualification framework micro-credential STCW learning outcomes,1
Maritime Transport,wos,maritime transport EQF qualification framework micro-credential STCW learning outcomes,0
Maritime Transport,crossref,maritime transport maritimisation marinization oceanisation hydrosocial de-base-re hypothesis verification indicators,143
Maritime Transport,scopus,maritime transport maritimisation marinization oceanisation hydrosocial de-base-re hypothesis verification indicators,0
Maritime Transport,openalex,maritime transport maritimisation marinization oceanisation hydrosocial de-base-re hypothesis verification indicators,0
Maritime Transport,wos,maritime transport maritimisation marinization oceanisation hydrosocial de-base-re hypothesis verification indicators,0
Maritime Transport,crossref,maritime transport qmbd axis translation marine maritime oceanic hydronization theory terms taxonomy mapping,89
Maritime Transport,scopus,maritime transport qmbd axis translation marine maritime oceanic hydronization theory terms taxonomy mapping,0
Maritime Transport,openalex,maritime transport qmbd axis translation marine maritime oceanic hydronization theory terms taxonomy mapping,0
Maritime Transport,wos,maritime transport qmbd axis translation marine maritime oceanic hydronization theory terms taxonomy mapping,0
Port Activities,crossref,port governance maritime logistics sustainability,0
Port Activities,scopus,port governance maritime logistics sustainability,29
Port Activities,openalex,port governance maritime logistics sustainability,150
Port Activities,wos,port governance maritime logistics sustainability,18
Port Activities,crossref,smart ports digital transformation port operations,0
Port Activities,scopus,smart ports digital transformation port operations,77
Port Activities,openalex,smart ports digital transformation port operations,150
Port Activities,wos,smart ports digital transformation port operations,43
Port Activities,crossref,port climate adaptation sea level rise flood risk,0
Port Activities,scopus,port climate adaptation sea level rise flood risk,13
Port Activities,openalex,port climate adaptation sea level rise flood risk,150
Port Activities,wos,port climate adaptation sea level rise flood risk,21
Port Activities,crossref,port worker workforce skills competences training professional development,0
Port Activities,scopus,port worker workforce skills competences training professional development,0
Port Activities,openalex,port worker workforce skills competences training professional development,150
Port Activities,wos,port worker workforce skills competences training professional development,0
Port Activities,crossref,port operations education learning outcomes curriculum qualification,0
Port Activities,scopus,port operations education learning outcomes curriculum qualification,0
Port Activities,openalex,port operations education learning outcomes curriculum qualification,150
Port Activities,wos,port operations education learning outcomes curriculum qualification,0
Port Activities,crossref,smart port AI digital twin autonomous systems resilience,0
Port Activities,scopus,smart port AI digital twin autonomous systems resilience,0
Port Activities,openalex,smart port AI digital twin autonomous systems resilience,150
Port Activities,wos,smart port AI digital twin autonomous systems resilience,0
Port Activities,crossref,port-city climate adaptation just transition ocean literacy marine governance hydrosocial,143
Port Activities,scopus,port-city climate adaptation just transition ocean literacy marine governance hydrosocial,0
Port Activities,openalex,port-city climate adaptation just transition ocean literacy marine governance hydrosocial,1
Port Activities,wos,port-city climate adaptation just transition ocean literacy marine governance hydrosocial,0
Port Activities,crossref,port operations EQF qualification framework micro-credential learning outcomes,0
Port Activities,scopus,port operations EQF qualification framework micro-credential learning outcomes,0
Port Activities,openalex,port operations EQF qualification framework micro-credential learning outcomes,2
Port Activities,wos,port operations EQF qualification framework micro-credential learning outcomes,0
Port Activities,crossref,port activities maritimisation marinization oceanisation hydrosocial de-base-re hypothesis verification indicators,146
Port Activities,scopus,port activities maritimisation marinization oceanisation hydrosocial de-base-re hypothesis verification indicators,0
Port Activities,openalex,port activities maritimisation marinization oceanisation hydrosocial de-base-re hypothesis verification indicators,0
Port Activities,wos,port activities maritimisation marinization oceanisation hydrosocial de-base-re hypothesis verification indicators,0
Port Activities,crossref,port activities qmbd axis translation marine maritime oceanic hydronization theory terms taxonomy mapping,146
Port Activities,scopus,port activities qmbd axis translation marine maritime oceanic hydronization theory terms taxonomy mapping,0
Port Activities,openalex,port activities qmbd axis translation marine maritime oceanic hydronization theory terms taxonomy mapping,0
Port Activities,wos,port activities qmbd axis translation marine maritime oceanic hydronization theory terms taxonomy mapping,0
R&I,crossref,ocean observation marine monitoring data infrastructure,0
R&I,scopus,ocean observation marine monitoring data infrastructure,52
R&I,openalex,ocean observation marine monitoring data infrastructure,150
R&I,wos,ocean observation marine monitoring data infrastructure,39
R&I,crossref,ocean data governance FAIR CARE principles,0
R&I,scopus,ocean data governance FAIR CARE principles,1
R&I,openalex,ocean data governance FAIR CARE principles,150
R&I,wos,ocean data governance FAIR CARE principles,1
R&I,crossref,blue economy research innovation policy governance,0
R&I,scopus,blue economy research innovation policy governance,32
R&I,openalex,blue economy research innovation policy governance,150
R&I,wos,blue economy research innovation policy governance,19
R&I,crossref,blue economy researcher workforce skills competences training professional development,0
R&I,scopus,blue economy researcher workforce skills competences training professional development,0
R&I,openalex,blue economy researcher workforce skills competences training professional development,150
R&I,wos,blue economy researcher workforce skills competences training professional development,0
R&I,crossref,ocean science education learning outcomes curriculum qualification,0
R&I,scopus,ocean science education learning outcomes curriculum qualification,0
R&I,openalex,ocean science education learning outcomes curriculum qualification,150
R&I,wos,ocean science education learning outcomes curriculum qualification,0
R&I,crossref,ocean observation AI digital twin autonomous systems resilience climate adaptation,42
R&I,scopus,ocean observation AI digital twin autonomous systems resilience climate adaptation,0
R&I,openalex,ocean observation AI digital twin autonomous systems resilience climate adaptation,150
R&I,wos,ocean observation AI digital twin autonomous systems resilience climate adaptation,0
R&I,crossref,blue economy research just transition ocean literacy marine governance hydrosocial,127
R&I,scopus,blue economy research just transition ocean literacy marine governance hydrosocial,0
R&I,openalex,blue economy research just transition ocean literacy marine governance hydrosocial,1
R&I,wos,blue economy research just transition ocean literacy marine governance hydrosocial,0
R&I,crossref,ocean science EQF qualification framework micro-credential learning outcomes,0
R&I,scopus,ocean science EQF qualification framework micro-credential learning outcomes,0
R&I,openalex,ocean science EQF qualification framework micro-credential learning outcomes,4
R&I,wos,ocean science EQF qualification framework micro-credential learning outcomes,0
R&I,crossref,r&i maritimisation marinization oceanisation hydrosocial de-base-re hypothesis verification indicators,97
R&I,scopus,r&i maritimisation marinization oceanisation hydrosocial de-base-re hypothesis verification indicators,0
R&I,openalex,r&i maritimisation marinization oceanisation hydrosocial de-base-re hypothesis verification indicators,0
R&I,wos,r&i maritimisation marinization oceanisation hydrosocial de-base-re hypothesis verification indicators,0
R&I,crossref,r&i qmbd axis translation marine maritime oceanic hydronization theory terms taxonomy mapping,124
R&I,scopus,r&i qmbd axis translation marine maritime oceanic hydronization theory terms taxonomy mapping,0
R&I,openalex,r&i qmbd axis translation marine maritime oceanic hydronization theory terms taxonomy mapping,0
R&I,wos,r&i qmbd axis translation marine maritime oceanic hydronization theory terms taxonomy mapping,0
Ship Repair,crossref,ship repair shipyard workforce skills training,73
Ship Repair,scopus,ship repair shipyard workforce skills training,2
Ship Repair,openalex,ship repair shipyard workforce skills training,150
Ship Repair,wos,ship repair shipyard workforce skills training,2
Ship Repair,crossref,ship retrofit decarbonization maintenance governance,88
Ship Repair,scopus,ship retrofit decarbonization maintenance governance,0
Ship Repair,openalex,ship retrofit decarbonization maintenance governance,150
Ship Repair,wos,ship retrofit decarbonization maintenance governance,0
Ship Repair,crossref,maritime repair supply chain safety standards,0
Ship Repair,scopus,maritime repair supply chain safety standards,0
Ship Repair,openalex,maritime repair supply chain safety standards,150
Ship Repair,wos,maritime repair supply chain safety standards,0
Ship Repair,crossref,shipyard worker workforce skills competences training professional development,0
Ship Repair,scopus,shipyard worker workforce skills competences training professional development,0
Ship Repair,openalex,shipyard worker workforce skills competences training professional development,150
Ship Repair,wos,shipyard worker workforce skills competences training professional development,0
Ship Repair,crossref,ship repair engineer education learning outcomes curriculum qualification,0
Ship Repair,scopus,ship repair engineer education learning outcomes curriculum qualification,0
Ship Repair,openalex,ship repair engineer education learning outcomes curriculum qualification,128
Ship Repair,wos,ship repair engineer education learning outcomes curriculum qualification,0
Ship Repair,crossref,ship repair AI digital twin autonomous systems resilience,0
Ship Repair,scopus,ship repair AI digital twin autonomous systems resilience,0
Ship Repair,openalex,ship repair AI digital twin autonomous systems resilience,150
Ship Repair,wos,ship repair AI digital twin autonomous systems resilience,0
Ship Repair,crossref,ship retrofit just transition climate adaptation marine governance safety,0
Ship Repair,scopus,ship retrofit just transition climate adaptation marine governance safety,0
Ship Repair,openalex,ship retrofit just transition climate adaptation marine governance safety,147
Ship Repair,wos,ship retrofit just transition climate adaptation marine governance safety,0
Ship Repair,crossref,ship repair EQF qualification framework micro-credential learning outcomes,0
Ship Repair,scopus,ship repair EQF qualification framework micro-credential learning outcomes,0
Ship Repair,openalex,ship repair EQF qualification framework micro-credential learning outcomes,1
Ship Repair,wos,ship repair EQF qualification framework micro-credential learning outcomes,0
Ship Repair,crossref,ship repair maritimisation marinization oceanisation hydrosocial de-base-re hypothesis verification indicators,145
Ship Repair,scopus,ship repair maritimisation marinization oceanisation hydrosocial de-base-re hypothesis verification indicators,0
Ship Repair,openalex,ship repair maritimisation marinization oceanisation hydrosocial de-base-re hypothesis verification indicators,0
Ship Repair,wos,ship repair maritimisation marinization oceanisation hydrosocial de-base-re hypothesis verification indicators,0
Ship Repair,crossref,ship repair qmbd axis translation marine maritime oceanic hydronization theory terms taxonomy mapping,146
Ship Repair,scopus,ship repair qmbd axis translation marine maritime oceanic hydronization theory terms taxonomy mapping,0
Ship Repair,openalex,ship repair qmbd axis translation marine maritime oceanic hydronization theory terms taxonomy mapping,0
Ship Repair,wos,ship repair qmbd axis translation marine maritime oceanic hydronization theory terms taxonomy mapping,0
